"","x"
"1","c(Comamonas_testosteroni.fasta, Cupriavidus_necator.fasta)"
"2","c(Comamonas_testosteroni.fasta, Pseudomonas_fluorescens.fasta)"
"3","c(Comamonas_testosteroni.fasta, Rhodococcus_ruber.fasta)"
"4","c(Comamonas_testosteroni.fasta, Sphingobium_yanoikuyae.fasta)"
"5","c(Bacillus_subtilis.fasta, Comamonas_testosteroni.fasta, Cupriavidus_necator.fasta)"
"6","c(Bacillus_subtilis.fasta, Comamonas_testosteroni.fasta, Pseudomonas_fluorescens.fasta)"
"7","c(Bacillus_subtilis.fasta, Comamonas_testosteroni.fasta, Rhodococcus_ruber.fasta)"
"8","c(Bacillus_subtilis.fasta, Comamonas_testosteroni.fasta, Sphingobium_yanoikuyae.fasta)"
"9","c(Brevibacillus_brevis.fasta, Comamonas_testosteroni.fasta, Cupriavidus_necator.fasta)"
"10","c(Brevibacillus_brevis.fasta, Comamonas_testosteroni.fasta, Pseudomonas_fluorescens.fasta)"
"11","c(Brevibacillus_brevis.fasta, Comamonas_testosteroni.fasta, Rhodococcus_ruber.fasta)"
"12","c(Brevibacillus_brevis.fasta, Comamonas_testosteroni.fasta, Sphingobium_yanoikuyae.fasta)"
"13","c(Comamonas_testosteroni.fasta, Cupriavidus_necator.fasta, Paenibacillus_polymyxa.fasta)"
"14","c(Comamonas_testosteroni.fasta, Cupriavidus_necator.fasta, Pseudomonas_fluorescens.fasta)"
"15","c(Comamonas_testosteroni.fasta, Cupriavidus_necator.fasta, Rhodococcus.fasta)"
"16","c(Comamonas_testosteroni.fasta, Cupriavidus_necator.fasta, Rhodococcus_ruber.fasta)"
"17","c(Comamonas_testosteroni.fasta, Cupriavidus_necator.fasta, Sphingobium_yanoikuyae.fasta)"
"18","c(Comamonas_testosteroni.fasta, Cupriavidus_necator.fasta, Variovorax_paradoxus.fasta)"
"19","c(Comamonas_testosteroni.fasta, Paenibacillus_polymyxa.fasta, Pseudomonas_fluorescens.fasta)"
"20","c(Comamonas_testosteroni.fasta, Paenibacillus_polymyxa.fasta, Rhodococcus_ruber.fasta)"
"21","c(Comamonas_testosteroni.fasta, Paenibacillus_polymyxa.fasta, Sphingobium_yanoikuyae.fasta)"
"22","c(Comamonas_testosteroni.fasta, Pseudomonas_fluorescens.fasta, Rhodococcus.fasta)"
"23","c(Comamonas_testosteroni.fasta, Pseudomonas_fluorescens.fasta, Rhodococcus_ruber.fasta)"
"24","c(Comamonas_testosteroni.fasta, Pseudomonas_fluorescens.fasta, Sphingobium_yanoikuyae.fasta)"
"25","c(Comamonas_testosteroni.fasta, Pseudomonas_fluorescens.fasta, Variovorax_paradoxus.fasta)"
"26","c(Comamonas_testosteroni.fasta, Rhodococcus.fasta, Rhodococcus_ruber.fasta)"
"27","c(Comamonas_testosteroni.fasta, Rhodococcus.fasta, Sphingobium_yanoikuyae.fasta)"
"28","c(Comamonas_testosteroni.fasta, Rhodococcus_ruber.fasta, Sphingobium_yanoikuyae.fasta)"
"29","c(Comamonas_testosteroni.fasta, Rhodococcus_ruber.fasta, Variovorax_paradoxus.fasta)"
"30","c(Comamonas_testosteroni.fasta, Sphingobium_yanoikuyae.fasta, Variovorax_paradoxus.fasta)"
"31","c(Bacillus_subtilis.fasta, Brevibacillus_brevis.fasta, Comamonas_testosteroni.fasta, Cupriavidus_necator.fasta)"
"32","c(Bacillus_subtilis.fasta, Brevibacillus_brevis.fasta, Comamonas_testosteroni.fasta, Pseudomonas_fluorescens.fasta)"
"33","c(Bacillus_subtilis.fasta, Brevibacillus_brevis.fasta, Comamonas_testosteroni.fasta, Rhodococcus_ruber.fasta)"
"34","c(Bacillus_subtilis.fasta, Brevibacillus_brevis.fasta, Comamonas_testosteroni.fasta, Sphingobium_yanoikuyae.fasta)"
"35","c(Bacillus_subtilis.fasta, Comamonas_testosteroni.fasta, Cupriavidus_necator.fasta, Paenibacillus_polymyxa.fasta)"
"36","c(Bacillus_subtilis.fasta, Comamonas_testosteroni.fasta, Cupriavidus_necator.fasta, Pseudomonas_fluorescens.fasta)"
"37","c(Bacillus_subtilis.fasta, Comamonas_testosteroni.fasta, Cupriavidus_necator.fasta, Rhodococcus.fasta)"
"38","c(Bacillus_subtilis.fasta, Comamonas_testosteroni.fasta, Cupriavidus_necator.fasta, Rhodococcus_ruber.fasta)"
"39","c(Bacillus_subtilis.fasta, Comamonas_testosteroni.fasta, Cupriavidus_necator.fasta, Sphingobium_yanoikuyae.fasta)"
"40","c(Bacillus_subtilis.fasta, Comamonas_testosteroni.fasta, Cupriavidus_necator.fasta, Variovorax_paradoxus.fasta)"
"41","c(Bacillus_subtilis.fasta, Comamonas_testosteroni.fasta, Paenibacillus_polymyxa.fasta, Pseudomonas_fluorescens.fasta)"
"42","c(Bacillus_subtilis.fasta, Comamonas_testosteroni.fasta, Paenibacillus_polymyxa.fasta, Rhodococcus_ruber.fasta)"
"43","c(Bacillus_subtilis.fasta, Comamonas_testosteroni.fasta, Paenibacillus_polymyxa.fasta, Sphingobium_yanoikuyae.fasta)"
"44","c(Bacillus_subtilis.fasta, Comamonas_testosteroni.fasta, Pseudomonas_fluorescens.fasta, Rhodococcus.fasta)"
"45","c(Bacillus_subtilis.fasta, Comamonas_testosteroni.fasta, Pseudomonas_fluorescens.fasta, Rhodococcus_ruber.fasta)"
"46","c(Bacillus_subtilis.fasta, Comamonas_testosteroni.fasta, Pseudomonas_fluorescens.fasta, Sphingobium_yanoikuyae.fasta)"
"47","c(Bacillus_subtilis.fasta, Comamonas_testosteroni.fasta, Pseudomonas_fluorescens.fasta, Variovorax_paradoxus.fasta)"
"48","c(Bacillus_subtilis.fasta, Comamonas_testosteroni.fasta, Rhodococcus.fasta, Rhodococcus_ruber.fasta)"
"49","c(Bacillus_subtilis.fasta, Comamonas_testosteroni.fasta, Rhodococcus.fasta, Sphingobium_yanoikuyae.fasta)"
"50","c(Bacillus_subtilis.fasta, Comamonas_testosteroni.fasta, Rhodococcus_ruber.fasta, Sphingobium_yanoikuyae.fasta)"
"51","c(Bacillus_subtilis.fasta, Comamonas_testosteroni.fasta, Rhodococcus_ruber.fasta, Variovorax_paradoxus.fasta)"
"52","c(Bacillus_subtilis.fasta, Comamonas_testosteroni.fasta, Sphingobium_yanoikuyae.fasta, Variovorax_paradoxus.fasta)"
"53","c(Brevibacillus_brevis.fasta, Comamonas_testosteroni.fasta, Cupriavidus_necator.fasta, Paenibacillus_polymyxa.fasta)"
"54","c(Brevibacillus_brevis.fasta, Comamonas_testosteroni.fasta, Cupriavidus_necator.fasta, Pseudomonas_fluorescens.fasta)"
"55","c(Brevibacillus_brevis.fasta, Comamonas_testosteroni.fasta, Cupriavidus_necator.fasta, Rhodococcus.fasta)"
"56","c(Brevibacillus_brevis.fasta, Comamonas_testosteroni.fasta, Cupriavidus_necator.fasta, Rhodococcus_ruber.fasta)"
"57","c(Brevibacillus_brevis.fasta, Comamonas_testosteroni.fasta, Cupriavidus_necator.fasta, Sphingobium_yanoikuyae.fasta)"
"58","c(Brevibacillus_brevis.fasta, Comamonas_testosteroni.fasta, Cupriavidus_necator.fasta, Variovorax_paradoxus.fasta)"
"59","c(Brevibacillus_brevis.fasta, Comamonas_testosteroni.fasta, Paenibacillus_polymyxa.fasta, Pseudomonas_fluorescens.fasta)"
"60","c(Brevibacillus_brevis.fasta, Comamonas_testosteroni.fasta, Paenibacillus_polymyxa.fasta, Rhodococcus_ruber.fasta)"
"61","c(Brevibacillus_brevis.fasta, Comamonas_testosteroni.fasta, Paenibacillus_polymyxa.fasta, Sphingobium_yanoikuyae.fasta)"
"62","c(Brevibacillus_brevis.fasta, Comamonas_testosteroni.fasta, Pseudomonas_fluorescens.fasta, Rhodococcus.fasta)"
"63","c(Brevibacillus_brevis.fasta, Comamonas_testosteroni.fasta, Pseudomonas_fluorescens.fasta, Rhodococcus_ruber.fasta)"
"64","c(Brevibacillus_brevis.fasta, Comamonas_testosteroni.fasta, Pseudomonas_fluorescens.fasta, Sphingobium_yanoikuyae.fasta)"
"65","c(Brevibacillus_brevis.fasta, Comamonas_testosteroni.fasta, Pseudomonas_fluorescens.fasta, Variovorax_paradoxus.fasta)"
"66","c(Brevibacillus_brevis.fasta, Comamonas_testosteroni.fasta, Rhodococcus.fasta, Rhodococcus_ruber.fasta)"
"67","c(Brevibacillus_brevis.fasta, Comamonas_testosteroni.fasta, Rhodococcus.fasta, Sphingobium_yanoikuyae.fasta)"
"68","c(Brevibacillus_brevis.fasta, Comamonas_testosteroni.fasta, Rhodococcus_ruber.fasta, Sphingobium_yanoikuyae.fasta)"
"69","c(Brevibacillus_brevis.fasta, Comamonas_testosteroni.fasta, Rhodococcus_ruber.fasta, Variovorax_paradoxus.fasta)"
"70","c(Brevibacillus_brevis.fasta, Comamonas_testosteroni.fasta, Sphingobium_yanoikuyae.fasta, Variovorax_paradoxus.fasta)"
"71","c(Comamonas_testosteroni.fasta, Cupriavidus_necator.fasta, Paenibacillus_polymyxa.fasta, Pseudomonas_fluorescens.fasta)"
"72","c(Comamonas_testosteroni.fasta, Cupriavidus_necator.fasta, Paenibacillus_polymyxa.fasta, Rhodococcus.fasta)"
"73","c(Comamonas_testosteroni.fasta, Cupriavidus_necator.fasta, Paenibacillus_polymyxa.fasta, Rhodococcus_ruber.fasta)"
"74","c(Comamonas_testosteroni.fasta, Cupriavidus_necator.fasta, Paenibacillus_polymyxa.fasta, Sphingobium_yanoikuyae.fasta)"
"75","c(Comamonas_testosteroni.fasta, Cupriavidus_necator.fasta, Paenibacillus_polymyxa.fasta, Variovorax_paradoxus.fasta)"
"76","c(Comamonas_testosteroni.fasta, Cupriavidus_necator.fasta, Pseudomonas_fluorescens.fasta, Rhodococcus.fasta)"
"77","c(Comamonas_testosteroni.fasta, Cupriavidus_necator.fasta, Pseudomonas_fluorescens.fasta, Rhodococcus_ruber.fasta)"
"78","c(Comamonas_testosteroni.fasta, Cupriavidus_necator.fasta, Pseudomonas_fluorescens.fasta, Sphingobium_yanoikuyae.fasta)"
"79","c(Comamonas_testosteroni.fasta, Cupriavidus_necator.fasta, Pseudomonas_fluorescens.fasta, Variovorax_paradoxus.fasta)"
"80","c(Comamonas_testosteroni.fasta, Cupriavidus_necator.fasta, Rhodococcus.fasta, Rhodococcus_ruber.fasta)"
"81","c(Comamonas_testosteroni.fasta, Cupriavidus_necator.fasta, Rhodococcus.fasta, Sphingobium_yanoikuyae.fasta)"
"82","c(Comamonas_testosteroni.fasta, Cupriavidus_necator.fasta, Rhodococcus.fasta, Variovorax_paradoxus.fasta)"
"83","c(Comamonas_testosteroni.fasta, Cupriavidus_necator.fasta, Rhodococcus_ruber.fasta, Sphingobium_yanoikuyae.fasta)"
"84","c(Comamonas_testosteroni.fasta, Cupriavidus_necator.fasta, Rhodococcus_ruber.fasta, Variovorax_paradoxus.fasta)"
"85","c(Comamonas_testosteroni.fasta, Cupriavidus_necator.fasta, Sphingobium_yanoikuyae.fasta, Variovorax_paradoxus.fasta)"
"86","c(Comamonas_testosteroni.fasta, Paenibacillus_polymyxa.fasta, Pseudomonas_fluorescens.fasta, Rhodococcus.fasta)"
"87","c(Comamonas_testosteroni.fasta, Paenibacillus_polymyxa.fasta, Pseudomonas_fluorescens.fasta, Rhodococcus_ruber.fasta)"
"88","c(Comamonas_testosteroni.fasta, Paenibacillus_polymyxa.fasta, Pseudomonas_fluorescens.fasta, Sphingobium_yanoikuyae.fasta)"
"89","c(Comamonas_testosteroni.fasta, Paenibacillus_polymyxa.fasta, Pseudomonas_fluorescens.fasta, Variovorax_paradoxus.fasta)"
"90","c(Comamonas_testosteroni.fasta, Paenibacillus_polymyxa.fasta, Rhodococcus.fasta, Rhodococcus_ruber.fasta)"
"91","c(Comamonas_testosteroni.fasta, Paenibacillus_polymyxa.fasta, Rhodococcus.fasta, Sphingobium_yanoikuyae.fasta)"
"92","c(Comamonas_testosteroni.fasta, Paenibacillus_polymyxa.fasta, Rhodococcus_ruber.fasta, Sphingobium_yanoikuyae.fasta)"
"93","c(Comamonas_testosteroni.fasta, Paenibacillus_polymyxa.fasta, Rhodococcus_ruber.fasta, Variovorax_paradoxus.fasta)"
"94","c(Comamonas_testosteroni.fasta, Paenibacillus_polymyxa.fasta, Sphingobium_yanoikuyae.fasta, Variovorax_paradoxus.fasta)"
"95","c(Comamonas_testosteroni.fasta, Pseudomonas_fluorescens.fasta, Rhodococcus.fasta, Rhodococcus_ruber.fasta)"
"96","c(Comamonas_testosteroni.fasta, Pseudomonas_fluorescens.fasta, Rhodococcus.fasta, Sphingobium_yanoikuyae.fasta)"
"97","c(Comamonas_testosteroni.fasta, Pseudomonas_fluorescens.fasta, Rhodococcus.fasta, Variovorax_paradoxus.fasta)"
"98","c(Comamonas_testosteroni.fasta, Pseudomonas_fluorescens.fasta, Rhodococcus_ruber.fasta, Sphingobium_yanoikuyae.fasta)"
"99","c(Comamonas_testosteroni.fasta, Pseudomonas_fluorescens.fasta, Rhodococcus_ruber.fasta, Variovorax_paradoxus.fasta)"
"100","c(Comamonas_testosteroni.fasta, Pseudomonas_fluorescens.fasta, Sphingobium_yanoikuyae.fasta, Variovorax_paradoxus.fasta)"
"101","c(Comamonas_testosteroni.fasta, Rhodococcus.fasta, Rhodococcus_ruber.fasta, Sphingobium_yanoikuyae.fasta)"
"102","c(Comamonas_testosteroni.fasta, Rhodococcus.fasta, Rhodococcus_ruber.fasta, Variovorax_paradoxus.fasta)"
"103","c(Comamonas_testosteroni.fasta, Rhodococcus.fasta, Sphingobium_yanoikuyae.fasta, Variovorax_paradoxus.fasta)"
"104","c(Comamonas_testosteroni.fasta, Rhodococcus_ruber.fasta, Sphingobium_yanoikuyae.fasta, Variovorax_paradoxus.fasta)"
"105","c(Bacillus_subtilis.fasta, Brevibacillus_brevis.fasta, Comamonas_testosteroni.fasta, Cupriavidus_necator.fasta, Paenibacillus_polymyxa.fasta)"
"106","c(Bacillus_subtilis.fasta, Brevibacillus_brevis.fasta, Comamonas_testosteroni.fasta, Cupriavidus_necator.fasta, Pseudomonas_fluorescens.fasta)"
"107","c(Bacillus_subtilis.fasta, Brevibacillus_brevis.fasta, Comamonas_testosteroni.fasta, Cupriavidus_necator.fasta, Rhodococcus.fasta)"
"108","c(Bacillus_subtilis.fasta, Brevibacillus_brevis.fasta, Comamonas_testosteroni.fasta, Cupriavidus_necator.fasta, Rhodococcus_ruber.fasta)"
"109","c(Bacillus_subtilis.fasta, Brevibacillus_brevis.fasta, Comamonas_testosteroni.fasta, Cupriavidus_necator.fasta, Sphingobium_yanoikuyae.fasta)"
"110","c(Bacillus_subtilis.fasta, Brevibacillus_brevis.fasta, Comamonas_testosteroni.fasta, Cupriavidus_necator.fasta, Variovorax_paradoxus.fasta)"
"111","c(Bacillus_subtilis.fasta, Brevibacillus_brevis.fasta, Comamonas_testosteroni.fasta, Paenibacillus_polymyxa.fasta, Pseudomonas_fluorescens.fasta)"
"112","c(Bacillus_subtilis.fasta, Brevibacillus_brevis.fasta, Comamonas_testosteroni.fasta, Paenibacillus_polymyxa.fasta, Rhodococcus_ruber.fasta)"
"113","c(Bacillus_subtilis.fasta, Brevibacillus_brevis.fasta, Comamonas_testosteroni.fasta, Paenibacillus_polymyxa.fasta, Sphingobium_yanoikuyae.fasta)"
"114","c(Bacillus_subtilis.fasta, Brevibacillus_brevis.fasta, Comamonas_testosteroni.fasta, Pseudomonas_fluorescens.fasta, Rhodococcus.fasta)"
"115","c(Bacillus_subtilis.fasta, Brevibacillus_brevis.fasta, Comamonas_testosteroni.fasta, Pseudomonas_fluorescens.fasta, Rhodococcus_ruber.fasta)"
"116","c(Bacillus_subtilis.fasta, Brevibacillus_brevis.fasta, Comamonas_testosteroni.fasta, Pseudomonas_fluorescens.fasta, Sphingobium_yanoikuyae.fasta)"
"117","c(Bacillus_subtilis.fasta, Brevibacillus_brevis.fasta, Comamonas_testosteroni.fasta, Pseudomonas_fluorescens.fasta, Variovorax_paradoxus.fasta)"
"118","c(Bacillus_subtilis.fasta, Brevibacillus_brevis.fasta, Comamonas_testosteroni.fasta, Rhodococcus.fasta, Rhodococcus_ruber.fasta)"
"119","c(Bacillus_subtilis.fasta, Brevibacillus_brevis.fasta, Comamonas_testosteroni.fasta, Rhodococcus.fasta, Sphingobium_yanoikuyae.fasta)"
"120","c(Bacillus_subtilis.fasta, Brevibacillus_brevis.fasta, Comamonas_testosteroni.fasta, Rhodococcus_ruber.fasta, Sphingobium_yanoikuyae.fasta)"
"121","c(Bacillus_subtilis.fasta, Brevibacillus_brevis.fasta, Comamonas_testosteroni.fasta, Rhodococcus_ruber.fasta, Variovorax_paradoxus.fasta)"
"122","c(Bacillus_subtilis.fasta, Brevibacillus_brevis.fasta, Comamonas_testosteroni.fasta, Sphingobium_yanoikuyae.fasta, Variovorax_paradoxus.fasta)"
"123","c(Bacillus_subtilis.fasta, Comamonas_testosteroni.fasta, Cupriavidus_necator.fasta, Paenibacillus_polymyxa.fasta, Pseudomonas_fluorescens.fasta)"
"124","c(Bacillus_subtilis.fasta, Comamonas_testosteroni.fasta, Cupriavidus_necator.fasta, Paenibacillus_polymyxa.fasta, Rhodococcus.fasta)"
"125","c(Bacillus_subtilis.fasta, Comamonas_testosteroni.fasta, Cupriavidus_necator.fasta, Paenibacillus_polymyxa.fasta, Rhodococcus_ruber.fasta)"
"126","c(Bacillus_subtilis.fasta, Comamonas_testosteroni.fasta, Cupriavidus_necator.fasta, Paenibacillus_polymyxa.fasta, Sphingobium_yanoikuyae.fasta)"
"127","c(Bacillus_subtilis.fasta, Comamonas_testosteroni.fasta, Cupriavidus_necator.fasta, Paenibacillus_polymyxa.fasta, Variovorax_paradoxus.fasta)"
"128","c(Bacillus_subtilis.fasta, Comamonas_testosteroni.fasta, Cupriavidus_necator.fasta, Pseudomonas_fluorescens.fasta, Rhodococcus.fasta)"
"129","c(Bacillus_subtilis.fasta, Comamonas_testosteroni.fasta, Cupriavidus_necator.fasta, Pseudomonas_fluorescens.fasta, Rhodococcus_ruber.fasta)"
"130","c(Bacillus_subtilis.fasta, Comamonas_testosteroni.fasta, Cupriavidus_necator.fasta, Pseudomonas_fluorescens.fasta, Sphingobium_yanoikuyae.fasta)"
"131","c(Bacillus_subtilis.fasta, Comamonas_testosteroni.fasta, Cupriavidus_necator.fasta, Pseudomonas_fluorescens.fasta, Variovorax_paradoxus.fasta)"
"132","c(Bacillus_subtilis.fasta, Comamonas_testosteroni.fasta, Cupriavidus_necator.fasta, Rhodococcus.fasta, Rhodococcus_ruber.fasta)"
"133","c(Bacillus_subtilis.fasta, Comamonas_testosteroni.fasta, Cupriavidus_necator.fasta, Rhodococcus.fasta, Sphingobium_yanoikuyae.fasta)"
"134","c(Bacillus_subtilis.fasta, Comamonas_testosteroni.fasta, Cupriavidus_necator.fasta, Rhodococcus.fasta, Variovorax_paradoxus.fasta)"
"135","c(Bacillus_subtilis.fasta, Comamonas_testosteroni.fasta, Cupriavidus_necator.fasta, Rhodococcus_ruber.fasta, Sphingobium_yanoikuyae.fasta)"
"136","c(Bacillus_subtilis.fasta, Comamonas_testosteroni.fasta, Cupriavidus_necator.fasta, Rhodococcus_ruber.fasta, Variovorax_paradoxus.fasta)"
"137","c(Bacillus_subtilis.fasta, Comamonas_testosteroni.fasta, Cupriavidus_necator.fasta, Sphingobium_yanoikuyae.fasta, Variovorax_paradoxus.fasta)"
"138","c(Bacillus_subtilis.fasta, Comamonas_testosteroni.fasta, Paenibacillus_polymyxa.fasta, Pseudomonas_fluorescens.fasta, Rhodococcus.fasta)"
"139","c(Bacillus_subtilis.fasta, Comamonas_testosteroni.fasta, Paenibacillus_polymyxa.fasta, Pseudomonas_fluorescens.fasta, Rhodococcus_ruber.fasta)"
"140","c(Bacillus_subtilis.fasta, Comamonas_testosteroni.fasta, Paenibacillus_polymyxa.fasta, Pseudomonas_fluorescens.fasta, Sphingobium_yanoikuyae.fasta)"
"141","c(Bacillus_subtilis.fasta, Comamonas_testosteroni.fasta, Paenibacillus_polymyxa.fasta, Pseudomonas_fluorescens.fasta, Variovorax_paradoxus.fasta)"
"142","c(Bacillus_subtilis.fasta, Comamonas_testosteroni.fasta, Paenibacillus_polymyxa.fasta, Rhodococcus.fasta, Rhodococcus_ruber.fasta)"
"143","c(Bacillus_subtilis.fasta, Comamonas_testosteroni.fasta, Paenibacillus_polymyxa.fasta, Rhodococcus.fasta, Sphingobium_yanoikuyae.fasta)"
"144","c(Bacillus_subtilis.fasta, Comamonas_testosteroni.fasta, Paenibacillus_polymyxa.fasta, Rhodococcus_ruber.fasta, Sphingobium_yanoikuyae.fasta)"
"145","c(Bacillus_subtilis.fasta, Comamonas_testosteroni.fasta, Paenibacillus_polymyxa.fasta, Rhodococcus_ruber.fasta, Variovorax_paradoxus.fasta)"
"146","c(Bacillus_subtilis.fasta, Comamonas_testosteroni.fasta, Paenibacillus_polymyxa.fasta, Sphingobium_yanoikuyae.fasta, Variovorax_paradoxus.fasta)"
"147","c(Bacillus_subtilis.fasta, Comamonas_testosteroni.fasta, Pseudomonas_fluorescens.fasta, Rhodococcus.fasta, Rhodococcus_ruber.fasta)"
"148","c(Bacillus_subtilis.fasta, Comamonas_testosteroni.fasta, Pseudomonas_fluorescens.fasta, Rhodococcus.fasta, Sphingobium_yanoikuyae.fasta)"
"149","c(Bacillus_subtilis.fasta, Comamonas_testosteroni.fasta, Pseudomonas_fluorescens.fasta, Rhodococcus.fasta, Variovorax_paradoxus.fasta)"
"150","c(Bacillus_subtilis.fasta, Comamonas_testosteroni.fasta, Pseudomonas_fluorescens.fasta, Rhodococcus_ruber.fasta, Sphingobium_yanoikuyae.fasta)"
"151","c(Bacillus_subtilis.fasta, Comamonas_testosteroni.fasta, Pseudomonas_fluorescens.fasta, Rhodococcus_ruber.fasta, Variovorax_paradoxus.fasta)"
"152","c(Bacillus_subtilis.fasta, Comamonas_testosteroni.fasta, Pseudomonas_fluorescens.fasta, Sphingobium_yanoikuyae.fasta, Variovorax_paradoxus.fasta)"
"153","c(Bacillus_subtilis.fasta, Comamonas_testosteroni.fasta, Rhodococcus.fasta, Rhodococcus_ruber.fasta, Sphingobium_yanoikuyae.fasta)"
"154","c(Bacillus_subtilis.fasta, Comamonas_testosteroni.fasta, Rhodococcus.fasta, Rhodococcus_ruber.fasta, Variovorax_paradoxus.fasta)"
"155","c(Bacillus_subtilis.fasta, Comamonas_testosteroni.fasta, Rhodococcus.fasta, Sphingobium_yanoikuyae.fasta, Variovorax_paradoxus.fasta)"
"156","c(Bacillus_subtilis.fasta, Comamonas_testosteroni.fasta, Rhodococcus_ruber.fasta, Sphingobium_yanoikuyae.fasta, Variovorax_paradoxus.fasta)"
"157","c(Brevibacillus_brevis.fasta, Comamonas_testosteroni.fasta, Cupriavidus_necator.fasta, Paenibacillus_polymyxa.fasta, Pseudomonas_fluorescens.fasta)"
"158","c(Brevibacillus_brevis.fasta, Comamonas_testosteroni.fasta, Cupriavidus_necator.fasta, Paenibacillus_polymyxa.fasta, Rhodococcus.fasta)"
"159","c(Brevibacillus_brevis.fasta, Comamonas_testosteroni.fasta, Cupriavidus_necator.fasta, Paenibacillus_polymyxa.fasta, Rhodococcus_ruber.fasta)"
"160","c(Brevibacillus_brevis.fasta, Comamonas_testosteroni.fasta, Cupriavidus_necator.fasta, Paenibacillus_polymyxa.fasta, Sphingobium_yanoikuyae.fasta)"
"161","c(Brevibacillus_brevis.fasta, Comamonas_testosteroni.fasta, Cupriavidus_necator.fasta, Paenibacillus_polymyxa.fasta, Variovorax_paradoxus.fasta)"
"162","c(Brevibacillus_brevis.fasta, Comamonas_testosteroni.fasta, Cupriavidus_necator.fasta, Pseudomonas_fluorescens.fasta, Rhodococcus.fasta)"
"163","c(Brevibacillus_brevis.fasta, Comamonas_testosteroni.fasta, Cupriavidus_necator.fasta, Pseudomonas_fluorescens.fasta, Rhodococcus_ruber.fasta)"
"164","c(Brevibacillus_brevis.fasta, Comamonas_testosteroni.fasta, Cupriavidus_necator.fasta, Pseudomonas_fluorescens.fasta, Sphingobium_yanoikuyae.fasta)"
"165","c(Brevibacillus_brevis.fasta, Comamonas_testosteroni.fasta, Cupriavidus_necator.fasta, Pseudomonas_fluorescens.fasta, Variovorax_paradoxus.fasta)"
"166","c(Brevibacillus_brevis.fasta, Comamonas_testosteroni.fasta, Cupriavidus_necator.fasta, Rhodococcus.fasta, Rhodococcus_ruber.fasta)"
"167","c(Brevibacillus_brevis.fasta, Comamonas_testosteroni.fasta, Cupriavidus_necator.fasta, Rhodococcus.fasta, Sphingobium_yanoikuyae.fasta)"
"168","c(Brevibacillus_brevis.fasta, Comamonas_testosteroni.fasta, Cupriavidus_necator.fasta, Rhodococcus.fasta, Variovorax_paradoxus.fasta)"
"169","c(Brevibacillus_brevis.fasta, Comamonas_testosteroni.fasta, Cupriavidus_necator.fasta, Rhodococcus_ruber.fasta, Sphingobium_yanoikuyae.fasta)"
"170","c(Brevibacillus_brevis.fasta, Comamonas_testosteroni.fasta, Cupriavidus_necator.fasta, Rhodococcus_ruber.fasta, Variovorax_paradoxus.fasta)"
"171","c(Brevibacillus_brevis.fasta, Comamonas_testosteroni.fasta, Cupriavidus_necator.fasta, Sphingobium_yanoikuyae.fasta, Variovorax_paradoxus.fasta)"
"172","c(Brevibacillus_brevis.fasta, Comamonas_testosteroni.fasta, Paenibacillus_polymyxa.fasta, Pseudomonas_fluorescens.fasta, Rhodococcus.fasta)"
"173","c(Brevibacillus_brevis.fasta, Comamonas_testosteroni.fasta, Paenibacillus_polymyxa.fasta, Pseudomonas_fluorescens.fasta, Rhodococcus_ruber.fasta)"
"174","c(Brevibacillus_brevis.fasta, Comamonas_testosteroni.fasta, Paenibacillus_polymyxa.fasta, Pseudomonas_fluorescens.fasta, Sphingobium_yanoikuyae.fasta)"
"175","c(Brevibacillus_brevis.fasta, Comamonas_testosteroni.fasta, Paenibacillus_polymyxa.fasta, Pseudomonas_fluorescens.fasta, Variovorax_paradoxus.fasta)"
"176","c(Brevibacillus_brevis.fasta, Comamonas_testosteroni.fasta, Paenibacillus_polymyxa.fasta, Rhodococcus.fasta, Rhodococcus_ruber.fasta)"
"177","c(Brevibacillus_brevis.fasta, Comamonas_testosteroni.fasta, Paenibacillus_polymyxa.fasta, Rhodococcus.fasta, Sphingobium_yanoikuyae.fasta)"
"178","c(Brevibacillus_brevis.fasta, Comamonas_testosteroni.fasta, Paenibacillus_polymyxa.fasta, Rhodococcus_ruber.fasta, Sphingobium_yanoikuyae.fasta)"
"179","c(Brevibacillus_brevis.fasta, Comamonas_testosteroni.fasta, Paenibacillus_polymyxa.fasta, Rhodococcus_ruber.fasta, Variovorax_paradoxus.fasta)"
"180","c(Brevibacillus_brevis.fasta, Comamonas_testosteroni.fasta, Paenibacillus_polymyxa.fasta, Sphingobium_yanoikuyae.fasta, Variovorax_paradoxus.fasta)"
"181","c(Brevibacillus_brevis.fasta, Comamonas_testosteroni.fasta, Pseudomonas_fluorescens.fasta, Rhodococcus.fasta, Rhodococcus_ruber.fasta)"
"182","c(Brevibacillus_brevis.fasta, Comamonas_testosteroni.fasta, Pseudomonas_fluorescens.fasta, Rhodococcus.fasta, Sphingobium_yanoikuyae.fasta)"
"183","c(Brevibacillus_brevis.fasta, Comamonas_testosteroni.fasta, Pseudomonas_fluorescens.fasta, Rhodococcus.fasta, Variovorax_paradoxus.fasta)"
"184","c(Brevibacillus_brevis.fasta, Comamonas_testosteroni.fasta, Pseudomonas_fluorescens.fasta, Rhodococcus_ruber.fasta, Sphingobium_yanoikuyae.fasta)"
"185","c(Brevibacillus_brevis.fasta, Comamonas_testosteroni.fasta, Pseudomonas_fluorescens.fasta, Rhodococcus_ruber.fasta, Variovorax_paradoxus.fasta)"
"186","c(Brevibacillus_brevis.fasta, Comamonas_testosteroni.fasta, Pseudomonas_fluorescens.fasta, Sphingobium_yanoikuyae.fasta, Variovorax_paradoxus.fasta)"
"187","c(Brevibacillus_brevis.fasta, Comamonas_testosteroni.fasta, Rhodococcus.fasta, Rhodococcus_ruber.fasta, Sphingobium_yanoikuyae.fasta)"
"188","c(Brevibacillus_brevis.fasta, Comamonas_testosteroni.fasta, Rhodococcus.fasta, Rhodococcus_ruber.fasta, Variovorax_paradoxus.fasta)"
"189","c(Brevibacillus_brevis.fasta, Comamonas_testosteroni.fasta, Rhodococcus.fasta, Sphingobium_yanoikuyae.fasta, Variovorax_paradoxus.fasta)"
"190","c(Brevibacillus_brevis.fasta, Comamonas_testosteroni.fasta, Rhodococcus_ruber.fasta, Sphingobium_yanoikuyae.fasta, Variovorax_paradoxus.fasta)"
"191","c(Comamonas_testosteroni.fasta, Cupriavidus_necator.fasta, Paenibacillus_polymyxa.fasta, Pseudomonas_fluorescens.fasta, Rhodococcus.fasta)"
"192","c(Comamonas_testosteroni.fasta, Cupriavidus_necator.fasta, Paenibacillus_polymyxa.fasta, Pseudomonas_fluorescens.fasta, Rhodococcus_ruber.fasta)"
"193","c(Comamonas_testosteroni.fasta, Cupriavidus_necator.fasta, Paenibacillus_polymyxa.fasta, Pseudomonas_fluorescens.fasta, Sphingobium_yanoikuyae.fasta)"
"194","c(Comamonas_testosteroni.fasta, Cupriavidus_necator.fasta, Paenibacillus_polymyxa.fasta, Pseudomonas_fluorescens.fasta, Variovorax_paradoxus.fasta)"
"195","c(Comamonas_testosteroni.fasta, Cupriavidus_necator.fasta, Paenibacillus_polymyxa.fasta, Rhodococcus.fasta, Rhodococcus_ruber.fasta)"
"196","c(Comamonas_testosteroni.fasta, Cupriavidus_necator.fasta, Paenibacillus_polymyxa.fasta, Rhodococcus.fasta, Sphingobium_yanoikuyae.fasta)"
"197","c(Comamonas_testosteroni.fasta, Cupriavidus_necator.fasta, Paenibacillus_polymyxa.fasta, Rhodococcus.fasta, Variovorax_paradoxus.fasta)"
"198","c(Comamonas_testosteroni.fasta, Cupriavidus_necator.fasta, Paenibacillus_polymyxa.fasta, Rhodococcus_ruber.fasta, Sphingobium_yanoikuyae.fasta)"
"199","c(Comamonas_testosteroni.fasta, Cupriavidus_necator.fasta, Paenibacillus_polymyxa.fasta, Rhodococcus_ruber.fasta, Variovorax_paradoxus.fasta)"
"200","c(Comamonas_testosteroni.fasta, Cupriavidus_necator.fasta, Paenibacillus_polymyxa.fasta, Sphingobium_yanoikuyae.fasta, Variovorax_paradoxus.fasta)"
"201","c(Comamonas_testosteroni.fasta, Cupriavidus_necator.fasta, Pseudomonas_fluorescens.fasta, Rhodococcus.fasta, Rhodococcus_ruber.fasta)"
"202","c(Comamonas_testosteroni.fasta, Cupriavidus_necator.fasta, Pseudomonas_fluorescens.fasta, Rhodococcus.fasta, Sphingobium_yanoikuyae.fasta)"
"203","c(Comamonas_testosteroni.fasta, Cupriavidus_necator.fasta, Pseudomonas_fluorescens.fasta, Rhodococcus.fasta, Variovorax_paradoxus.fasta)"
"204","c(Comamonas_testosteroni.fasta, Cupriavidus_necator.fasta, Pseudomonas_fluorescens.fasta, Rhodococcus_ruber.fasta, Sphingobium_yanoikuyae.fasta)"
"205","c(Comamonas_testosteroni.fasta, Cupriavidus_necator.fasta, Pseudomonas_fluorescens.fasta, Rhodococcus_ruber.fasta, Variovorax_paradoxus.fasta)"
"206","c(Comamonas_testosteroni.fasta, Cupriavidus_necator.fasta, Pseudomonas_fluorescens.fasta, Sphingobium_yanoikuyae.fasta, Variovorax_paradoxus.fasta)"
"207","c(Comamonas_testosteroni.fasta, Cupriavidus_necator.fasta, Rhodococcus.fasta, Rhodococcus_ruber.fasta, Sphingobium_yanoikuyae.fasta)"
"208","c(Comamonas_testosteroni.fasta, Cupriavidus_necator.fasta, Rhodococcus.fasta, Rhodococcus_ruber.fasta, Variovorax_paradoxus.fasta)"
"209","c(Comamonas_testosteroni.fasta, Cupriavidus_necator.fasta, Rhodococcus.fasta, Sphingobium_yanoikuyae.fasta, Variovorax_paradoxus.fasta)"
"210","c(Comamonas_testosteroni.fasta, Cupriavidus_necator.fasta, Rhodococcus_ruber.fasta, Sphingobium_yanoikuyae.fasta, Variovorax_paradoxus.fasta)"
"211","c(Comamonas_testosteroni.fasta, Paenibacillus_polymyxa.fasta, Pseudomonas_fluorescens.fasta, Rhodococcus.fasta, Rhodococcus_ruber.fasta)"
"212","c(Comamonas_testosteroni.fasta, Paenibacillus_polymyxa.fasta, Pseudomonas_fluorescens.fasta, Rhodococcus.fasta, Sphingobium_yanoikuyae.fasta)"
"213","c(Comamonas_testosteroni.fasta, Paenibacillus_polymyxa.fasta, Pseudomonas_fluorescens.fasta, Rhodococcus.fasta, Variovorax_paradoxus.fasta)"
"214","c(Comamonas_testosteroni.fasta, Paenibacillus_polymyxa.fasta, Pseudomonas_fluorescens.fasta, Rhodococcus_ruber.fasta, Sphingobium_yanoikuyae.fasta)"
"215","c(Comamonas_testosteroni.fasta, Paenibacillus_polymyxa.fasta, Pseudomonas_fluorescens.fasta, Rhodococcus_ruber.fasta, Variovorax_paradoxus.fasta)"
"216","c(Comamonas_testosteroni.fasta, Paenibacillus_polymyxa.fasta, Pseudomonas_fluorescens.fasta, Sphingobium_yanoikuyae.fasta, Variovorax_paradoxus.fasta)"
"217","c(Comamonas_testosteroni.fasta, Paenibacillus_polymyxa.fasta, Rhodococcus.fasta, Rhodococcus_ruber.fasta, Sphingobium_yanoikuyae.fasta)"
"218","c(Comamonas_testosteroni.fasta, Paenibacillus_polymyxa.fasta, Rhodococcus.fasta, Rhodococcus_ruber.fasta, Variovorax_paradoxus.fasta)"
"219","c(Comamonas_testosteroni.fasta, Paenibacillus_polymyxa.fasta, Rhodococcus.fasta, Sphingobium_yanoikuyae.fasta, Variovorax_paradoxus.fasta)"
"220","c(Comamonas_testosteroni.fasta, Paenibacillus_polymyxa.fasta, Rhodococcus_ruber.fasta, Sphingobium_yanoikuyae.fasta, Variovorax_paradoxus.fasta)"
"221","c(Comamonas_testosteroni.fasta, Pseudomonas_fluorescens.fasta, Rhodococcus.fasta, Rhodococcus_ruber.fasta, Sphingobium_yanoikuyae.fasta)"
"222","c(Comamonas_testosteroni.fasta, Pseudomonas_fluorescens.fasta, Rhodococcus.fasta, Rhodococcus_ruber.fasta, Variovorax_paradoxus.fasta)"
"223","c(Comamonas_testosteroni.fasta, Pseudomonas_fluorescens.fasta, Rhodococcus.fasta, Sphingobium_yanoikuyae.fasta, Variovorax_paradoxus.fasta)"
"224","c(Comamonas_testosteroni.fasta, Pseudomonas_fluorescens.fasta, Rhodococcus_ruber.fasta, Sphingobium_yanoikuyae.fasta, Variovorax_paradoxus.fasta)"
"225","c(Comamonas_testosteroni.fasta, Rhodococcus.fasta, Rhodococcus_ruber.fasta, Sphingobium_yanoikuyae.fasta, Variovorax_paradoxus.fasta)"
"226","c(Bacillus_subtilis.fasta, Brevibacillus_brevis.fasta, Comamonas_testosteroni.fasta, Cupriavidus_necator.fasta, Paenibacillus_polymyxa.fasta, Pseudomonas_fluorescens.fasta)"
"227","c(Bacillus_subtilis.fasta, Brevibacillus_brevis.fasta, Comamonas_testosteroni.fasta, Cupriavidus_necator.fasta, Paenibacillus_polymyxa.fasta, Rhodococcus.fasta)"
"228","c(Bacillus_subtilis.fasta, Brevibacillus_brevis.fasta, Comamonas_testosteroni.fasta, Cupriavidus_necator.fasta, Paenibacillus_polymyxa.fasta, Rhodococcus_ruber.fasta)"
"229","c(Bacillus_subtilis.fasta, Brevibacillus_brevis.fasta, Comamonas_testosteroni.fasta, Cupriavidus_necator.fasta, Paenibacillus_polymyxa.fasta, Sphingobium_yanoikuyae.fasta)"
"230","c(Bacillus_subtilis.fasta, Brevibacillus_brevis.fasta, Comamonas_testosteroni.fasta, Cupriavidus_necator.fasta, Paenibacillus_polymyxa.fasta, Variovorax_paradoxus.fasta)"
"231","c(Bacillus_subtilis.fasta, Brevibacillus_brevis.fasta, Comamonas_testosteroni.fasta, Cupriavidus_necator.fasta, Pseudomonas_fluorescens.fasta, Rhodococcus.fasta)"
"232","c(Bacillus_subtilis.fasta, Brevibacillus_brevis.fasta, Comamonas_testosteroni.fasta, Cupriavidus_necator.fasta, Pseudomonas_fluorescens.fasta, Rhodococcus_ruber.fasta)"
"233","c(Bacillus_subtilis.fasta, Brevibacillus_brevis.fasta, Comamonas_testosteroni.fasta, Cupriavidus_necator.fasta, Pseudomonas_fluorescens.fasta, Sphingobium_yanoikuyae.fasta)"
"234","c(Bacillus_subtilis.fasta, Brevibacillus_brevis.fasta, Comamonas_testosteroni.fasta, Cupriavidus_necator.fasta, Pseudomonas_fluorescens.fasta, Variovorax_paradoxus.fasta)"
"235","c(Bacillus_subtilis.fasta, Brevibacillus_brevis.fasta, Comamonas_testosteroni.fasta, Cupriavidus_necator.fasta, Rhodococcus.fasta, Rhodococcus_ruber.fasta)"
"236","c(Bacillus_subtilis.fasta, Brevibacillus_brevis.fasta, Comamonas_testosteroni.fasta, Cupriavidus_necator.fasta, Rhodococcus.fasta, Sphingobium_yanoikuyae.fasta)"
"237","c(Bacillus_subtilis.fasta, Brevibacillus_brevis.fasta, Comamonas_testosteroni.fasta, Cupriavidus_necator.fasta, Rhodococcus.fasta, Variovorax_paradoxus.fasta)"
"238","c(Bacillus_subtilis.fasta, Brevibacillus_brevis.fasta, Comamonas_testosteroni.fasta, Cupriavidus_necator.fasta, Rhodococcus_ruber.fasta, Sphingobium_yanoikuyae.fasta)"
"239","c(Bacillus_subtilis.fasta, Brevibacillus_brevis.fasta, Comamonas_testosteroni.fasta, Cupriavidus_necator.fasta, Rhodococcus_ruber.fasta, Variovorax_paradoxus.fasta)"
"240","c(Bacillus_subtilis.fasta, Brevibacillus_brevis.fasta, Comamonas_testosteroni.fasta, Cupriavidus_necator.fasta, Sphingobium_yanoikuyae.fasta, Variovorax_paradoxus.fasta)"
"241","c(Bacillus_subtilis.fasta, Brevibacillus_brevis.fasta, Comamonas_testosteroni.fasta, Paenibacillus_polymyxa.fasta, Pseudomonas_fluorescens.fasta, Rhodococcus.fasta)"
"242","c(Bacillus_subtilis.fasta, Brevibacillus_brevis.fasta, Comamonas_testosteroni.fasta, Paenibacillus_polymyxa.fasta, Pseudomonas_fluorescens.fasta, Rhodococcus_ruber.fasta)"
"243","c(Bacillus_subtilis.fasta, Brevibacillus_brevis.fasta, Comamonas_testosteroni.fasta, Paenibacillus_polymyxa.fasta, Pseudomonas_fluorescens.fasta, Sphingobium_yanoikuyae.fasta)"
"244","c(Bacillus_subtilis.fasta, Brevibacillus_brevis.fasta, Comamonas_testosteroni.fasta, Paenibacillus_polymyxa.fasta, Pseudomonas_fluorescens.fasta, Variovorax_paradoxus.fasta)"
"245","c(Bacillus_subtilis.fasta, Brevibacillus_brevis.fasta, Comamonas_testosteroni.fasta, Paenibacillus_polymyxa.fasta, Rhodococcus.fasta, Rhodococcus_ruber.fasta)"
"246","c(Bacillus_subtilis.fasta, Brevibacillus_brevis.fasta, Comamonas_testosteroni.fasta, Paenibacillus_polymyxa.fasta, Rhodococcus.fasta, Sphingobium_yanoikuyae.fasta)"
"247","c(Bacillus_subtilis.fasta, Brevibacillus_brevis.fasta, Comamonas_testosteroni.fasta, Paenibacillus_polymyxa.fasta, Rhodococcus_ruber.fasta, Sphingobium_yanoikuyae.fasta)"
"248","c(Bacillus_subtilis.fasta, Brevibacillus_brevis.fasta, Comamonas_testosteroni.fasta, Paenibacillus_polymyxa.fasta, Rhodococcus_ruber.fasta, Variovorax_paradoxus.fasta)"
"249","c(Bacillus_subtilis.fasta, Brevibacillus_brevis.fasta, Comamonas_testosteroni.fasta, Paenibacillus_polymyxa.fasta, Sphingobium_yanoikuyae.fasta, Variovorax_paradoxus.fasta)"
"250","c(Bacillus_subtilis.fasta, Brevibacillus_brevis.fasta, Comamonas_testosteroni.fasta, Pseudomonas_fluorescens.fasta, Rhodococcus.fasta, Rhodococcus_ruber.fasta)"
"251","c(Bacillus_subtilis.fasta, Brevibacillus_brevis.fasta, Comamonas_testosteroni.fasta, Pseudomonas_fluorescens.fasta, Rhodococcus.fasta, Sphingobium_yanoikuyae.fasta)"
"252","c(Bacillus_subtilis.fasta, Brevibacillus_brevis.fasta, Comamonas_testosteroni.fasta, Pseudomonas_fluorescens.fasta, Rhodococcus.fasta, Variovorax_paradoxus.fasta)"
"253","c(Bacillus_subtilis.fasta, Brevibacillus_brevis.fasta, Comamonas_testosteroni.fasta, Pseudomonas_fluorescens.fasta, Rhodococcus_ruber.fasta, Sphingobium_yanoikuyae.fasta)"
"254","c(Bacillus_subtilis.fasta, Brevibacillus_brevis.fasta, Comamonas_testosteroni.fasta, Pseudomonas_fluorescens.fasta, Rhodococcus_ruber.fasta, Variovorax_paradoxus.fasta)"
"255","c(Bacillus_subtilis.fasta, Brevibacillus_brevis.fasta, Comamonas_testosteroni.fasta, Pseudomonas_fluorescens.fasta, Sphingobium_yanoikuyae.fasta, Variovorax_paradoxus.fasta)"
"256","c(Bacillus_subtilis.fasta, Brevibacillus_brevis.fasta, Comamonas_testosteroni.fasta, Rhodococcus.fasta, Rhodococcus_ruber.fasta, Sphingobium_yanoikuyae.fasta)"
"257","c(Bacillus_subtilis.fasta, Brevibacillus_brevis.fasta, Comamonas_testosteroni.fasta, Rhodococcus.fasta, Rhodococcus_ruber.fasta, Variovorax_paradoxus.fasta)"
"258","c(Bacillus_subtilis.fasta, Brevibacillus_brevis.fasta, Comamonas_testosteroni.fasta, Rhodococcus.fasta, Sphingobium_yanoikuyae.fasta, Variovorax_paradoxus.fasta)"
"259","c(Bacillus_subtilis.fasta, Brevibacillus_brevis.fasta, Comamonas_testosteroni.fasta, Rhodococcus_ruber.fasta, Sphingobium_yanoikuyae.fasta, Variovorax_paradoxus.fasta)"
"260","c(Bacillus_subtilis.fasta, Comamonas_testosteroni.fasta, Cupriavidus_necator.fasta, Paenibacillus_polymyxa.fasta, Pseudomonas_fluorescens.fasta, Rhodococcus.fasta)"
"261","c(Bacillus_subtilis.fasta, Comamonas_testosteroni.fasta, Cupriavidus_necator.fasta, Paenibacillus_polymyxa.fasta, Pseudomonas_fluorescens.fasta, Rhodococcus_ruber.fasta)"
"262","c(Bacillus_subtilis.fasta, Comamonas_testosteroni.fasta, Cupriavidus_necator.fasta, Paenibacillus_polymyxa.fasta, Pseudomonas_fluorescens.fasta, Sphingobium_yanoikuyae.fasta)"
"263","c(Bacillus_subtilis.fasta, Comamonas_testosteroni.fasta, Cupriavidus_necator.fasta, Paenibacillus_polymyxa.fasta, Pseudomonas_fluorescens.fasta, Variovorax_paradoxus.fasta)"
"264","c(Bacillus_subtilis.fasta, Comamonas_testosteroni.fasta, Cupriavidus_necator.fasta, Paenibacillus_polymyxa.fasta, Rhodococcus.fasta, Rhodococcus_ruber.fasta)"
"265","c(Bacillus_subtilis.fasta, Comamonas_testosteroni.fasta, Cupriavidus_necator.fasta, Paenibacillus_polymyxa.fasta, Rhodococcus.fasta, Sphingobium_yanoikuyae.fasta)"
"266","c(Bacillus_subtilis.fasta, Comamonas_testosteroni.fasta, Cupriavidus_necator.fasta, Paenibacillus_polymyxa.fasta, Rhodococcus.fasta, Variovorax_paradoxus.fasta)"
"267","c(Bacillus_subtilis.fasta, Comamonas_testosteroni.fasta, Cupriavidus_necator.fasta, Paenibacillus_polymyxa.fasta, Rhodococcus_ruber.fasta, Sphingobium_yanoikuyae.fasta)"
"268","c(Bacillus_subtilis.fasta, Comamonas_testosteroni.fasta, Cupriavidus_necator.fasta, Paenibacillus_polymyxa.fasta, Rhodococcus_ruber.fasta, Variovorax_paradoxus.fasta)"
"269","c(Bacillus_subtilis.fasta, Comamonas_testosteroni.fasta, Cupriavidus_necator.fasta, Paenibacillus_polymyxa.fasta, Sphingobium_yanoikuyae.fasta, Variovorax_paradoxus.fasta)"
"270","c(Bacillus_subtilis.fasta, Comamonas_testosteroni.fasta, Cupriavidus_necator.fasta, Pseudomonas_fluorescens.fasta, Rhodococcus.fasta, Rhodococcus_ruber.fasta)"
"271","c(Bacillus_subtilis.fasta, Comamonas_testosteroni.fasta, Cupriavidus_necator.fasta, Pseudomonas_fluorescens.fasta, Rhodococcus.fasta, Sphingobium_yanoikuyae.fasta)"
"272","c(Bacillus_subtilis.fasta, Comamonas_testosteroni.fasta, Cupriavidus_necator.fasta, Pseudomonas_fluorescens.fasta, Rhodococcus.fasta, Variovorax_paradoxus.fasta)"
"273","c(Bacillus_subtilis.fasta, Comamonas_testosteroni.fasta, Cupriavidus_necator.fasta, Pseudomonas_fluorescens.fasta, Rhodococcus_ruber.fasta, Sphingobium_yanoikuyae.fasta)"
"274","c(Bacillus_subtilis.fasta, Comamonas_testosteroni.fasta, Cupriavidus_necator.fasta, Pseudomonas_fluorescens.fasta, Rhodococcus_ruber.fasta, Variovorax_paradoxus.fasta)"
"275","c(Bacillus_subtilis.fasta, Comamonas_testosteroni.fasta, Cupriavidus_necator.fasta, Pseudomonas_fluorescens.fasta, Sphingobium_yanoikuyae.fasta, Variovorax_paradoxus.fasta)"
"276","c(Bacillus_subtilis.fasta, Comamonas_testosteroni.fasta, Cupriavidus_necator.fasta, Rhodococcus.fasta, Rhodococcus_ruber.fasta, Sphingobium_yanoikuyae.fasta)"
"277","c(Bacillus_subtilis.fasta, Comamonas_testosteroni.fasta, Cupriavidus_necator.fasta, Rhodococcus.fasta, Rhodococcus_ruber.fasta, Variovorax_paradoxus.fasta)"
"278","c(Bacillus_subtilis.fasta, Comamonas_testosteroni.fasta, Cupriavidus_necator.fasta, Rhodococcus.fasta, Sphingobium_yanoikuyae.fasta, Variovorax_paradoxus.fasta)"
"279","c(Bacillus_subtilis.fasta, Comamonas_testosteroni.fasta, Cupriavidus_necator.fasta, Rhodococcus_ruber.fasta, Sphingobium_yanoikuyae.fasta, Variovorax_paradoxus.fasta)"
"280","c(Bacillus_subtilis.fasta, Comamonas_testosteroni.fasta, Paenibacillus_polymyxa.fasta, Pseudomonas_fluorescens.fasta, Rhodococcus.fasta, Rhodococcus_ruber.fasta)"
"281","c(Bacillus_subtilis.fasta, Comamonas_testosteroni.fasta, Paenibacillus_polymyxa.fasta, Pseudomonas_fluorescens.fasta, Rhodococcus.fasta, Sphingobium_yanoikuyae.fasta)"
"282","c(Bacillus_subtilis.fasta, Comamonas_testosteroni.fasta, Paenibacillus_polymyxa.fasta, Pseudomonas_fluorescens.fasta, Rhodococcus.fasta, Variovorax_paradoxus.fasta)"
"283","c(Bacillus_subtilis.fasta, Comamonas_testosteroni.fasta, Paenibacillus_polymyxa.fasta, Pseudomonas_fluorescens.fasta, Rhodococcus_ruber.fasta, Sphingobium_yanoikuyae.fasta)"
"284","c(Bacillus_subtilis.fasta, Comamonas_testosteroni.fasta, Paenibacillus_polymyxa.fasta, Pseudomonas_fluorescens.fasta, Rhodococcus_ruber.fasta, Variovorax_paradoxus.fasta)"
"285","c(Bacillus_subtilis.fasta, Comamonas_testosteroni.fasta, Paenibacillus_polymyxa.fasta, Pseudomonas_fluorescens.fasta, Sphingobium_yanoikuyae.fasta, Variovorax_paradoxus.fasta)"
"286","c(Bacillus_subtilis.fasta, Comamonas_testosteroni.fasta, Paenibacillus_polymyxa.fasta, Rhodococcus.fasta, Rhodococcus_ruber.fasta, Sphingobium_yanoikuyae.fasta)"
"287","c(Bacillus_subtilis.fasta, Comamonas_testosteroni.fasta, Paenibacillus_polymyxa.fasta, Rhodococcus.fasta, Rhodococcus_ruber.fasta, Variovorax_paradoxus.fasta)"
"288","c(Bacillus_subtilis.fasta, Comamonas_testosteroni.fasta, Paenibacillus_polymyxa.fasta, Rhodococcus.fasta, Sphingobium_yanoikuyae.fasta, Variovorax_paradoxus.fasta)"
"289","c(Bacillus_subtilis.fasta, Comamonas_testosteroni.fasta, Paenibacillus_polymyxa.fasta, Rhodococcus_ruber.fasta, Sphingobium_yanoikuyae.fasta, Variovorax_paradoxus.fasta)"
"290","c(Bacillus_subtilis.fasta, Comamonas_testosteroni.fasta, Pseudomonas_fluorescens.fasta, Rhodococcus.fasta, Rhodococcus_ruber.fasta, Sphingobium_yanoikuyae.fasta)"
"291","c(Bacillus_subtilis.fasta, Comamonas_testosteroni.fasta, Pseudomonas_fluorescens.fasta, Rhodococcus.fasta, Rhodococcus_ruber.fasta, Variovorax_paradoxus.fasta)"
"292","c(Bacillus_subtilis.fasta, Comamonas_testosteroni.fasta, Pseudomonas_fluorescens.fasta, Rhodococcus.fasta, Sphingobium_yanoikuyae.fasta, Variovorax_paradoxus.fasta)"
"293","c(Bacillus_subtilis.fasta, Comamonas_testosteroni.fasta, Pseudomonas_fluorescens.fasta, Rhodococcus_ruber.fasta, Sphingobium_yanoikuyae.fasta, Variovorax_paradoxus.fasta)"
"294","c(Bacillus_subtilis.fasta, Comamonas_testosteroni.fasta, Rhodococcus.fasta, Rhodococcus_ruber.fasta, Sphingobium_yanoikuyae.fasta, Variovorax_paradoxus.fasta)"
"295","c(Brevibacillus_brevis.fasta, Comamonas_testosteroni.fasta, Cupriavidus_necator.fasta, Paenibacillus_polymyxa.fasta, Pseudomonas_fluorescens.fasta, Rhodococcus.fasta)"
"296","c(Brevibacillus_brevis.fasta, Comamonas_testosteroni.fasta, Cupriavidus_necator.fasta, Paenibacillus_polymyxa.fasta, Pseudomonas_fluorescens.fasta, Rhodococcus_ruber.fasta)"
"297","c(Brevibacillus_brevis.fasta, Comamonas_testosteroni.fasta, Cupriavidus_necator.fasta, Paenibacillus_polymyxa.fasta, Pseudomonas_fluorescens.fasta, Sphingobium_yanoikuyae.fasta)"
"298","c(Brevibacillus_brevis.fasta, Comamonas_testosteroni.fasta, Cupriavidus_necator.fasta, Paenibacillus_polymyxa.fasta, Pseudomonas_fluorescens.fasta, Variovorax_paradoxus.fasta)"
"299","c(Brevibacillus_brevis.fasta, Comamonas_testosteroni.fasta, Cupriavidus_necator.fasta, Paenibacillus_polymyxa.fasta, Rhodococcus.fasta, Rhodococcus_ruber.fasta)"
"300","c(Brevibacillus_brevis.fasta, Comamonas_testosteroni.fasta, Cupriavidus_necator.fasta, Paenibacillus_polymyxa.fasta, Rhodococcus.fasta, Sphingobium_yanoikuyae.fasta)"
"301","c(Brevibacillus_brevis.fasta, Comamonas_testosteroni.fasta, Cupriavidus_necator.fasta, Paenibacillus_polymyxa.fasta, Rhodococcus.fasta, Variovorax_paradoxus.fasta)"
"302","c(Brevibacillus_brevis.fasta, Comamonas_testosteroni.fasta, Cupriavidus_necator.fasta, Paenibacillus_polymyxa.fasta, Rhodococcus_ruber.fasta, Sphingobium_yanoikuyae.fasta)"
"303","c(Brevibacillus_brevis.fasta, Comamonas_testosteroni.fasta, Cupriavidus_necator.fasta, Paenibacillus_polymyxa.fasta, Rhodococcus_ruber.fasta, Variovorax_paradoxus.fasta)"
"304","c(Brevibacillus_brevis.fasta, Comamonas_testosteroni.fasta, Cupriavidus_necator.fasta, Paenibacillus_polymyxa.fasta, Sphingobium_yanoikuyae.fasta, Variovorax_paradoxus.fasta)"
"305","c(Brevibacillus_brevis.fasta, Comamonas_testosteroni.fasta, Cupriavidus_necator.fasta, Pseudomonas_fluorescens.fasta, Rhodococcus.fasta, Rhodococcus_ruber.fasta)"
"306","c(Brevibacillus_brevis.fasta, Comamonas_testosteroni.fasta, Cupriavidus_necator.fasta, Pseudomonas_fluorescens.fasta, Rhodococcus.fasta, Sphingobium_yanoikuyae.fasta)"
"307","c(Brevibacillus_brevis.fasta, Comamonas_testosteroni.fasta, Cupriavidus_necator.fasta, Pseudomonas_fluorescens.fasta, Rhodococcus.fasta, Variovorax_paradoxus.fasta)"
"308","c(Brevibacillus_brevis.fasta, Comamonas_testosteroni.fasta, Cupriavidus_necator.fasta, Pseudomonas_fluorescens.fasta, Rhodococcus_ruber.fasta, Sphingobium_yanoikuyae.fasta)"
"309","c(Brevibacillus_brevis.fasta, Comamonas_testosteroni.fasta, Cupriavidus_necator.fasta, Pseudomonas_fluorescens.fasta, Rhodococcus_ruber.fasta, Variovorax_paradoxus.fasta)"
"310","c(Brevibacillus_brevis.fasta, Comamonas_testosteroni.fasta, Cupriavidus_necator.fasta, Pseudomonas_fluorescens.fasta, Sphingobium_yanoikuyae.fasta, Variovorax_paradoxus.fasta)"
"311","c(Brevibacillus_brevis.fasta, Comamonas_testosteroni.fasta, Cupriavidus_necator.fasta, Rhodococcus.fasta, Rhodococcus_ruber.fasta, Sphingobium_yanoikuyae.fasta)"
"312","c(Brevibacillus_brevis.fasta, Comamonas_testosteroni.fasta, Cupriavidus_necator.fasta, Rhodococcus.fasta, Rhodococcus_ruber.fasta, Variovorax_paradoxus.fasta)"
"313","c(Brevibacillus_brevis.fasta, Comamonas_testosteroni.fasta, Cupriavidus_necator.fasta, Rhodococcus.fasta, Sphingobium_yanoikuyae.fasta, Variovorax_paradoxus.fasta)"
"314","c(Brevibacillus_brevis.fasta, Comamonas_testosteroni.fasta, Cupriavidus_necator.fasta, Rhodococcus_ruber.fasta, Sphingobium_yanoikuyae.fasta, Variovorax_paradoxus.fasta)"
"315","c(Brevibacillus_brevis.fasta, Comamonas_testosteroni.fasta, Paenibacillus_polymyxa.fasta, Pseudomonas_fluorescens.fasta, Rhodococcus.fasta, Rhodococcus_ruber.fasta)"
"316","c(Brevibacillus_brevis.fasta, Comamonas_testosteroni.fasta, Paenibacillus_polymyxa.fasta, Pseudomonas_fluorescens.fasta, Rhodococcus.fasta, Sphingobium_yanoikuyae.fasta)"
"317","c(Brevibacillus_brevis.fasta, Comamonas_testosteroni.fasta, Paenibacillus_polymyxa.fasta, Pseudomonas_fluorescens.fasta, Rhodococcus.fasta, Variovorax_paradoxus.fasta)"
"318","c(Brevibacillus_brevis.fasta, Comamonas_testosteroni.fasta, Paenibacillus_polymyxa.fasta, Pseudomonas_fluorescens.fasta, Rhodococcus_ruber.fasta, Sphingobium_yanoikuyae.fasta)"
"319","c(Brevibacillus_brevis.fasta, Comamonas_testosteroni.fasta, Paenibacillus_polymyxa.fasta, Pseudomonas_fluorescens.fasta, Rhodococcus_ruber.fasta, Variovorax_paradoxus.fasta)"
"320","c(Brevibacillus_brevis.fasta, Comamonas_testosteroni.fasta, Paenibacillus_polymyxa.fasta, Pseudomonas_fluorescens.fasta, Sphingobium_yanoikuyae.fasta, Variovorax_paradoxus.fasta)"
"321","c(Brevibacillus_brevis.fasta, Comamonas_testosteroni.fasta, Paenibacillus_polymyxa.fasta, Rhodococcus.fasta, Rhodococcus_ruber.fasta, Sphingobium_yanoikuyae.fasta)"
"322","c(Brevibacillus_brevis.fasta, Comamonas_testosteroni.fasta, Paenibacillus_polymyxa.fasta, Rhodococcus.fasta, Rhodococcus_ruber.fasta, Variovorax_paradoxus.fasta)"
"323","c(Brevibacillus_brevis.fasta, Comamonas_testosteroni.fasta, Paenibacillus_polymyxa.fasta, Rhodococcus.fasta, Sphingobium_yanoikuyae.fasta, Variovorax_paradoxus.fasta)"
"324","c(Brevibacillus_brevis.fasta, Comamonas_testosteroni.fasta, Paenibacillus_polymyxa.fasta, Rhodococcus_ruber.fasta, Sphingobium_yanoikuyae.fasta, Variovorax_paradoxus.fasta)"
"325","c(Brevibacillus_brevis.fasta, Comamonas_testosteroni.fasta, Pseudomonas_fluorescens.fasta, Rhodococcus.fasta, Rhodococcus_ruber.fasta, Sphingobium_yanoikuyae.fasta)"
"326","c(Brevibacillus_brevis.fasta, Comamonas_testosteroni.fasta, Pseudomonas_fluorescens.fasta, Rhodococcus.fasta, Rhodococcus_ruber.fasta, Variovorax_paradoxus.fasta)"
"327","c(Brevibacillus_brevis.fasta, Comamonas_testosteroni.fasta, Pseudomonas_fluorescens.fasta, Rhodococcus.fasta, Sphingobium_yanoikuyae.fasta, Variovorax_paradoxus.fasta)"
"328","c(Brevibacillus_brevis.fasta, Comamonas_testosteroni.fasta, Pseudomonas_fluorescens.fasta, Rhodococcus_ruber.fasta, Sphingobium_yanoikuyae.fasta, Variovorax_paradoxus.fasta)"
"329","c(Brevibacillus_brevis.fasta, Comamonas_testosteroni.fasta, Rhodococcus.fasta, Rhodococcus_ruber.fasta, Sphingobium_yanoikuyae.fasta, Variovorax_paradoxus.fasta)"
"330","c(Comamonas_testosteroni.fasta, Cupriavidus_necator.fasta, Paenibacillus_polymyxa.fasta, Pseudomonas_fluorescens.fasta, Rhodococcus.fasta, Rhodococcus_ruber.fasta)"
"331","c(Comamonas_testosteroni.fasta, Cupriavidus_necator.fasta, Paenibacillus_polymyxa.fasta, Pseudomonas_fluorescens.fasta, Rhodococcus.fasta, Sphingobium_yanoikuyae.fasta)"
"332","c(Comamonas_testosteroni.fasta, Cupriavidus_necator.fasta, Paenibacillus_polymyxa.fasta, Pseudomonas_fluorescens.fasta, Rhodococcus.fasta, Variovorax_paradoxus.fasta)"
"333","c(Comamonas_testosteroni.fasta, Cupriavidus_necator.fasta, Paenibacillus_polymyxa.fasta, Pseudomonas_fluorescens.fasta, Rhodococcus_ruber.fasta, Sphingobium_yanoikuyae.fasta)"
"334","c(Comamonas_testosteroni.fasta, Cupriavidus_necator.fasta, Paenibacillus_polymyxa.fasta, Pseudomonas_fluorescens.fasta, Rhodococcus_ruber.fasta, Variovorax_paradoxus.fasta)"
"335","c(Comamonas_testosteroni.fasta, Cupriavidus_necator.fasta, Paenibacillus_polymyxa.fasta, Pseudomonas_fluorescens.fasta, Sphingobium_yanoikuyae.fasta, Variovorax_paradoxus.fasta)"
"336","c(Comamonas_testosteroni.fasta, Cupriavidus_necator.fasta, Paenibacillus_polymyxa.fasta, Rhodococcus.fasta, Rhodococcus_ruber.fasta, Sphingobium_yanoikuyae.fasta)"
"337","c(Comamonas_testosteroni.fasta, Cupriavidus_necator.fasta, Paenibacillus_polymyxa.fasta, Rhodococcus.fasta, Rhodococcus_ruber.fasta, Variovorax_paradoxus.fasta)"
"338","c(Comamonas_testosteroni.fasta, Cupriavidus_necator.fasta, Paenibacillus_polymyxa.fasta, Rhodococcus.fasta, Sphingobium_yanoikuyae.fasta, Variovorax_paradoxus.fasta)"
"339","c(Comamonas_testosteroni.fasta, Cupriavidus_necator.fasta, Paenibacillus_polymyxa.fasta, Rhodococcus_ruber.fasta, Sphingobium_yanoikuyae.fasta, Variovorax_paradoxus.fasta)"
"340","c(Comamonas_testosteroni.fasta, Cupriavidus_necator.fasta, Pseudomonas_fluorescens.fasta, Rhodococcus.fasta, Rhodococcus_ruber.fasta, Sphingobium_yanoikuyae.fasta)"
"341","c(Comamonas_testosteroni.fasta, Cupriavidus_necator.fasta, Pseudomonas_fluorescens.fasta, Rhodococcus.fasta, Rhodococcus_ruber.fasta, Variovorax_paradoxus.fasta)"
"342","c(Comamonas_testosteroni.fasta, Cupriavidus_necator.fasta, Pseudomonas_fluorescens.fasta, Rhodococcus.fasta, Sphingobium_yanoikuyae.fasta, Variovorax_paradoxus.fasta)"
"343","c(Comamonas_testosteroni.fasta, Cupriavidus_necator.fasta, Pseudomonas_fluorescens.fasta, Rhodococcus_ruber.fasta, Sphingobium_yanoikuyae.fasta, Variovorax_paradoxus.fasta)"
"344","c(Comamonas_testosteroni.fasta, Cupriavidus_necator.fasta, Rhodococcus.fasta, Rhodococcus_ruber.fasta, Sphingobium_yanoikuyae.fasta, Variovorax_paradoxus.fasta)"
"345","c(Comamonas_testosteroni.fasta, Paenibacillus_polymyxa.fasta, Pseudomonas_fluorescens.fasta, Rhodococcus.fasta, Rhodococcus_ruber.fasta, Sphingobium_yanoikuyae.fasta)"
"346","c(Comamonas_testosteroni.fasta, Paenibacillus_polymyxa.fasta, Pseudomonas_fluorescens.fasta, Rhodococcus.fasta, Rhodococcus_ruber.fasta, Variovorax_paradoxus.fasta)"
"347","c(Comamonas_testosteroni.fasta, Paenibacillus_polymyxa.fasta, Pseudomonas_fluorescens.fasta, Rhodococcus.fasta, Sphingobium_yanoikuyae.fasta, Variovorax_paradoxus.fasta)"
"348","c(Comamonas_testosteroni.fasta, Paenibacillus_polymyxa.fasta, Pseudomonas_fluorescens.fasta, Rhodococcus_ruber.fasta, Sphingobium_yanoikuyae.fasta, Variovorax_paradoxus.fasta)"
"349","c(Comamonas_testosteroni.fasta, Paenibacillus_polymyxa.fasta, Rhodococcus.fasta, Rhodococcus_ruber.fasta, Sphingobium_yanoikuyae.fasta, Variovorax_paradoxus.fasta)"
"350","c(Comamonas_testosteroni.fasta, Pseudomonas_fluorescens.fasta, Rhodococcus.fasta, Rhodococcus_ruber.fasta, Sphingobium_yanoikuyae.fasta, Variovorax_paradoxus.fasta)"
"351","c(Bacillus_subtilis.fasta, Brevibacillus_brevis.fasta, Comamonas_testosteroni.fasta, Cupriavidus_necator.fasta, Paenibacillus_polymyxa.fasta, Pseudomonas_fluorescens.fasta, Rhodococcus.fasta)"
"352","c(Bacillus_subtilis.fasta, Brevibacillus_brevis.fasta, Comamonas_testosteroni.fasta, Cupriavidus_necator.fasta, Paenibacillus_polymyxa.fasta, Pseudomonas_fluorescens.fasta, Rhodococcus_ruber.fasta)"
"353","c(Bacillus_subtilis.fasta, Brevibacillus_brevis.fasta, Comamonas_testosteroni.fasta, Cupriavidus_necator.fasta, Paenibacillus_polymyxa.fasta, Pseudomonas_fluorescens.fasta, Sphingobium_yanoikuyae.fasta)"
"354","c(Bacillus_subtilis.fasta, Brevibacillus_brevis.fasta, Comamonas_testosteroni.fasta, Cupriavidus_necator.fasta, Paenibacillus_polymyxa.fasta, Pseudomonas_fluorescens.fasta, Variovorax_paradoxus.fasta)"
"355","c(Bacillus_subtilis.fasta, Brevibacillus_brevis.fasta, Comamonas_testosteroni.fasta, Cupriavidus_necator.fasta, Paenibacillus_polymyxa.fasta, Rhodococcus.fasta, Rhodococcus_ruber.fasta)"
"356","c(Bacillus_subtilis.fasta, Brevibacillus_brevis.fasta, Comamonas_testosteroni.fasta, Cupriavidus_necator.fasta, Paenibacillus_polymyxa.fasta, Rhodococcus.fasta, Sphingobium_yanoikuyae.fasta)"
"357","c(Bacillus_subtilis.fasta, Brevibacillus_brevis.fasta, Comamonas_testosteroni.fasta, Cupriavidus_necator.fasta, Paenibacillus_polymyxa.fasta, Rhodococcus.fasta, Variovorax_paradoxus.fasta)"
"358","c(Bacillus_subtilis.fasta, Brevibacillus_brevis.fasta, Comamonas_testosteroni.fasta, Cupriavidus_necator.fasta, Paenibacillus_polymyxa.fasta, Rhodococcus_ruber.fasta, Sphingobium_yanoikuyae.fasta)"
"359","c(Bacillus_subtilis.fasta, Brevibacillus_brevis.fasta, Comamonas_testosteroni.fasta, Cupriavidus_necator.fasta, Paenibacillus_polymyxa.fasta, Rhodococcus_ruber.fasta, Variovorax_paradoxus.fasta)"
"360","c(Bacillus_subtilis.fasta, Brevibacillus_brevis.fasta, Comamonas_testosteroni.fasta, Cupriavidus_necator.fasta, Paenibacillus_polymyxa.fasta, Sphingobium_yanoikuyae.fasta, Variovorax_paradoxus.fasta)"
"361","c(Bacillus_subtilis.fasta, Brevibacillus_brevis.fasta, Comamonas_testosteroni.fasta, Cupriavidus_necator.fasta, Pseudomonas_fluorescens.fasta, Rhodococcus.fasta, Rhodococcus_ruber.fasta)"
"362","c(Bacillus_subtilis.fasta, Brevibacillus_brevis.fasta, Comamonas_testosteroni.fasta, Cupriavidus_necator.fasta, Pseudomonas_fluorescens.fasta, Rhodococcus.fasta, Sphingobium_yanoikuyae.fasta)"
"363","c(Bacillus_subtilis.fasta, Brevibacillus_brevis.fasta, Comamonas_testosteroni.fasta, Cupriavidus_necator.fasta, Pseudomonas_fluorescens.fasta, Rhodococcus.fasta, Variovorax_paradoxus.fasta)"
"364","c(Bacillus_subtilis.fasta, Brevibacillus_brevis.fasta, Comamonas_testosteroni.fasta, Cupriavidus_necator.fasta, Pseudomonas_fluorescens.fasta, Rhodococcus_ruber.fasta, Sphingobium_yanoikuyae.fasta)"
"365","c(Bacillus_subtilis.fasta, Brevibacillus_brevis.fasta, Comamonas_testosteroni.fasta, Cupriavidus_necator.fasta, Pseudomonas_fluorescens.fasta, Rhodococcus_ruber.fasta, Variovorax_paradoxus.fasta)"
"366","c(Bacillus_subtilis.fasta, Brevibacillus_brevis.fasta, Comamonas_testosteroni.fasta, Cupriavidus_necator.fasta, Pseudomonas_fluorescens.fasta, Sphingobium_yanoikuyae.fasta, Variovorax_paradoxus.fasta)"
"367","c(Bacillus_subtilis.fasta, Brevibacillus_brevis.fasta, Comamonas_testosteroni.fasta, Cupriavidus_necator.fasta, Rhodococcus.fasta, Rhodococcus_ruber.fasta, Sphingobium_yanoikuyae.fasta)"
"368","c(Bacillus_subtilis.fasta, Brevibacillus_brevis.fasta, Comamonas_testosteroni.fasta, Cupriavidus_necator.fasta, Rhodococcus.fasta, Rhodococcus_ruber.fasta, Variovorax_paradoxus.fasta)"
"369","c(Bacillus_subtilis.fasta, Brevibacillus_brevis.fasta, Comamonas_testosteroni.fasta, Cupriavidus_necator.fasta, Rhodococcus.fasta, Sphingobium_yanoikuyae.fasta, Variovorax_paradoxus.fasta)"
"370","c(Bacillus_subtilis.fasta, Brevibacillus_brevis.fasta, Comamonas_testosteroni.fasta, Cupriavidus_necator.fasta, Rhodococcus_ruber.fasta, Sphingobium_yanoikuyae.fasta, Variovorax_paradoxus.fasta)"
"371","c(Bacillus_subtilis.fasta, Brevibacillus_brevis.fasta, Comamonas_testosteroni.fasta, Paenibacillus_polymyxa.fasta, Pseudomonas_fluorescens.fasta, Rhodococcus.fasta, Rhodococcus_ruber.fasta)"
"372","c(Bacillus_subtilis.fasta, Brevibacillus_brevis.fasta, Comamonas_testosteroni.fasta, Paenibacillus_polymyxa.fasta, Pseudomonas_fluorescens.fasta, Rhodococcus.fasta, Sphingobium_yanoikuyae.fasta)"
"373","c(Bacillus_subtilis.fasta, Brevibacillus_brevis.fasta, Comamonas_testosteroni.fasta, Paenibacillus_polymyxa.fasta, Pseudomonas_fluorescens.fasta, Rhodococcus.fasta, Variovorax_paradoxus.fasta)"
"374","c(Bacillus_subtilis.fasta, Brevibacillus_brevis.fasta, Comamonas_testosteroni.fasta, Paenibacillus_polymyxa.fasta, Pseudomonas_fluorescens.fasta, Rhodococcus_ruber.fasta, Sphingobium_yanoikuyae.fasta)"
"375","c(Bacillus_subtilis.fasta, Brevibacillus_brevis.fasta, Comamonas_testosteroni.fasta, Paenibacillus_polymyxa.fasta, Pseudomonas_fluorescens.fasta, Rhodococcus_ruber.fasta, Variovorax_paradoxus.fasta)"
"376","c(Bacillus_subtilis.fasta, Brevibacillus_brevis.fasta, Comamonas_testosteroni.fasta, Paenibacillus_polymyxa.fasta, Pseudomonas_fluorescens.fasta, Sphingobium_yanoikuyae.fasta, Variovorax_paradoxus.fasta)"
"377","c(Bacillus_subtilis.fasta, Brevibacillus_brevis.fasta, Comamonas_testosteroni.fasta, Paenibacillus_polymyxa.fasta, Rhodococcus.fasta, Rhodococcus_ruber.fasta, Sphingobium_yanoikuyae.fasta)"
"378","c(Bacillus_subtilis.fasta, Brevibacillus_brevis.fasta, Comamonas_testosteroni.fasta, Paenibacillus_polymyxa.fasta, Rhodococcus.fasta, Rhodococcus_ruber.fasta, Variovorax_paradoxus.fasta)"
"379","c(Bacillus_subtilis.fasta, Brevibacillus_brevis.fasta, Comamonas_testosteroni.fasta, Paenibacillus_polymyxa.fasta, Rhodococcus.fasta, Sphingobium_yanoikuyae.fasta, Variovorax_paradoxus.fasta)"
"380","c(Bacillus_subtilis.fasta, Brevibacillus_brevis.fasta, Comamonas_testosteroni.fasta, Paenibacillus_polymyxa.fasta, Rhodococcus_ruber.fasta, Sphingobium_yanoikuyae.fasta, Variovorax_paradoxus.fasta)"
"381","c(Bacillus_subtilis.fasta, Brevibacillus_brevis.fasta, Comamonas_testosteroni.fasta, Pseudomonas_fluorescens.fasta, Rhodococcus.fasta, Rhodococcus_ruber.fasta, Sphingobium_yanoikuyae.fasta)"
"382","c(Bacillus_subtilis.fasta, Brevibacillus_brevis.fasta, Comamonas_testosteroni.fasta, Pseudomonas_fluorescens.fasta, Rhodococcus.fasta, Rhodococcus_ruber.fasta, Variovorax_paradoxus.fasta)"
"383","c(Bacillus_subtilis.fasta, Brevibacillus_brevis.fasta, Comamonas_testosteroni.fasta, Pseudomonas_fluorescens.fasta, Rhodococcus.fasta, Sphingobium_yanoikuyae.fasta, Variovorax_paradoxus.fasta)"
"384","c(Bacillus_subtilis.fasta, Brevibacillus_brevis.fasta, Comamonas_testosteroni.fasta, Pseudomonas_fluorescens.fasta, Rhodococcus_ruber.fasta, Sphingobium_yanoikuyae.fasta, Variovorax_paradoxus.fasta)"
"385","c(Bacillus_subtilis.fasta, Brevibacillus_brevis.fasta, Comamonas_testosteroni.fasta, Rhodococcus.fasta, Rhodococcus_ruber.fasta, Sphingobium_yanoikuyae.fasta, Variovorax_paradoxus.fasta)"
"386","c(Bacillus_subtilis.fasta, Comamonas_testosteroni.fasta, Cupriavidus_necator.fasta, Paenibacillus_polymyxa.fasta, Pseudomonas_fluorescens.fasta, Rhodococcus.fasta, Rhodococcus_ruber.fasta)"
"387","c(Bacillus_subtilis.fasta, Comamonas_testosteroni.fasta, Cupriavidus_necator.fasta, Paenibacillus_polymyxa.fasta, Pseudomonas_fluorescens.fasta, Rhodococcus.fasta, Sphingobium_yanoikuyae.fasta)"
"388","c(Bacillus_subtilis.fasta, Comamonas_testosteroni.fasta, Cupriavidus_necator.fasta, Paenibacillus_polymyxa.fasta, Pseudomonas_fluorescens.fasta, Rhodococcus.fasta, Variovorax_paradoxus.fasta)"
"389","c(Bacillus_subtilis.fasta, Comamonas_testosteroni.fasta, Cupriavidus_necator.fasta, Paenibacillus_polymyxa.fasta, Pseudomonas_fluorescens.fasta, Rhodococcus_ruber.fasta, Sphingobium_yanoikuyae.fasta)"
"390","c(Bacillus_subtilis.fasta, Comamonas_testosteroni.fasta, Cupriavidus_necator.fasta, Paenibacillus_polymyxa.fasta, Pseudomonas_fluorescens.fasta, Rhodococcus_ruber.fasta, Variovorax_paradoxus.fasta)"
"391","c(Bacillus_subtilis.fasta, Comamonas_testosteroni.fasta, Cupriavidus_necator.fasta, Paenibacillus_polymyxa.fasta, Pseudomonas_fluorescens.fasta, Sphingobium_yanoikuyae.fasta, Variovorax_paradoxus.fasta)"
"392","c(Bacillus_subtilis.fasta, Comamonas_testosteroni.fasta, Cupriavidus_necator.fasta, Paenibacillus_polymyxa.fasta, Rhodococcus.fasta, Rhodococcus_ruber.fasta, Sphingobium_yanoikuyae.fasta)"
"393","c(Bacillus_subtilis.fasta, Comamonas_testosteroni.fasta, Cupriavidus_necator.fasta, Paenibacillus_polymyxa.fasta, Rhodococcus.fasta, Rhodococcus_ruber.fasta, Variovorax_paradoxus.fasta)"
"394","c(Bacillus_subtilis.fasta, Comamonas_testosteroni.fasta, Cupriavidus_necator.fasta, Paenibacillus_polymyxa.fasta, Rhodococcus.fasta, Sphingobium_yanoikuyae.fasta, Variovorax_paradoxus.fasta)"
"395","c(Bacillus_subtilis.fasta, Comamonas_testosteroni.fasta, Cupriavidus_necator.fasta, Paenibacillus_polymyxa.fasta, Rhodococcus_ruber.fasta, Sphingobium_yanoikuyae.fasta, Variovorax_paradoxus.fasta)"
"396","c(Bacillus_subtilis.fasta, Comamonas_testosteroni.fasta, Cupriavidus_necator.fasta, Pseudomonas_fluorescens.fasta, Rhodococcus.fasta, Rhodococcus_ruber.fasta, Sphingobium_yanoikuyae.fasta)"
"397","c(Bacillus_subtilis.fasta, Comamonas_testosteroni.fasta, Cupriavidus_necator.fasta, Pseudomonas_fluorescens.fasta, Rhodococcus.fasta, Rhodococcus_ruber.fasta, Variovorax_paradoxus.fasta)"
"398","c(Bacillus_subtilis.fasta, Comamonas_testosteroni.fasta, Cupriavidus_necator.fasta, Pseudomonas_fluorescens.fasta, Rhodococcus.fasta, Sphingobium_yanoikuyae.fasta, Variovorax_paradoxus.fasta)"
"399","c(Bacillus_subtilis.fasta, Comamonas_testosteroni.fasta, Cupriavidus_necator.fasta, Pseudomonas_fluorescens.fasta, Rhodococcus_ruber.fasta, Sphingobium_yanoikuyae.fasta, Variovorax_paradoxus.fasta)"
"400","c(Bacillus_subtilis.fasta, Comamonas_testosteroni.fasta, Cupriavidus_necator.fasta, Rhodococcus.fasta, Rhodococcus_ruber.fasta, Sphingobium_yanoikuyae.fasta, Variovorax_paradoxus.fasta)"
"401","c(Bacillus_subtilis.fasta, Comamonas_testosteroni.fasta, Paenibacillus_polymyxa.fasta, Pseudomonas_fluorescens.fasta, Rhodococcus.fasta, Rhodococcus_ruber.fasta, Sphingobium_yanoikuyae.fasta)"
"402","c(Bacillus_subtilis.fasta, Comamonas_testosteroni.fasta, Paenibacillus_polymyxa.fasta, Pseudomonas_fluorescens.fasta, Rhodococcus.fasta, Rhodococcus_ruber.fasta, Variovorax_paradoxus.fasta)"
"403","c(Bacillus_subtilis.fasta, Comamonas_testosteroni.fasta, Paenibacillus_polymyxa.fasta, Pseudomonas_fluorescens.fasta, Rhodococcus.fasta, Sphingobium_yanoikuyae.fasta, Variovorax_paradoxus.fasta)"
"404","c(Bacillus_subtilis.fasta, Comamonas_testosteroni.fasta, Paenibacillus_polymyxa.fasta, Pseudomonas_fluorescens.fasta, Rhodococcus_ruber.fasta, Sphingobium_yanoikuyae.fasta, Variovorax_paradoxus.fasta)"
"405","c(Bacillus_subtilis.fasta, Comamonas_testosteroni.fasta, Paenibacillus_polymyxa.fasta, Rhodococcus.fasta, Rhodococcus_ruber.fasta, Sphingobium_yanoikuyae.fasta, Variovorax_paradoxus.fasta)"
"406","c(Bacillus_subtilis.fasta, Comamonas_testosteroni.fasta, Pseudomonas_fluorescens.fasta, Rhodococcus.fasta, Rhodococcus_ruber.fasta, Sphingobium_yanoikuyae.fasta, Variovorax_paradoxus.fasta)"
"407","c(Brevibacillus_brevis.fasta, Comamonas_testosteroni.fasta, Cupriavidus_necator.fasta, Paenibacillus_polymyxa.fasta, Pseudomonas_fluorescens.fasta, Rhodococcus.fasta, Rhodococcus_ruber.fasta)"
"408","c(Brevibacillus_brevis.fasta, Comamonas_testosteroni.fasta, Cupriavidus_necator.fasta, Paenibacillus_polymyxa.fasta, Pseudomonas_fluorescens.fasta, Rhodococcus.fasta, Sphingobium_yanoikuyae.fasta)"
"409","c(Brevibacillus_brevis.fasta, Comamonas_testosteroni.fasta, Cupriavidus_necator.fasta, Paenibacillus_polymyxa.fasta, Pseudomonas_fluorescens.fasta, Rhodococcus.fasta, Variovorax_paradoxus.fasta)"
"410","c(Brevibacillus_brevis.fasta, Comamonas_testosteroni.fasta, Cupriavidus_necator.fasta, Paenibacillus_polymyxa.fasta, Pseudomonas_fluorescens.fasta, Rhodococcus_ruber.fasta, Sphingobium_yanoikuyae.fasta)"
"411","c(Brevibacillus_brevis.fasta, Comamonas_testosteroni.fasta, Cupriavidus_necator.fasta, Paenibacillus_polymyxa.fasta, Pseudomonas_fluorescens.fasta, Rhodococcus_ruber.fasta, Variovorax_paradoxus.fasta)"
"412","c(Brevibacillus_brevis.fasta, Comamonas_testosteroni.fasta, Cupriavidus_necator.fasta, Paenibacillus_polymyxa.fasta, Pseudomonas_fluorescens.fasta, Sphingobium_yanoikuyae.fasta, Variovorax_paradoxus.fasta)"
"413","c(Brevibacillus_brevis.fasta, Comamonas_testosteroni.fasta, Cupriavidus_necator.fasta, Paenibacillus_polymyxa.fasta, Rhodococcus.fasta, Rhodococcus_ruber.fasta, Sphingobium_yanoikuyae.fasta)"
"414","c(Brevibacillus_brevis.fasta, Comamonas_testosteroni.fasta, Cupriavidus_necator.fasta, Paenibacillus_polymyxa.fasta, Rhodococcus.fasta, Rhodococcus_ruber.fasta, Variovorax_paradoxus.fasta)"
"415","c(Brevibacillus_brevis.fasta, Comamonas_testosteroni.fasta, Cupriavidus_necator.fasta, Paenibacillus_polymyxa.fasta, Rhodococcus.fasta, Sphingobium_yanoikuyae.fasta, Variovorax_paradoxus.fasta)"
"416","c(Brevibacillus_brevis.fasta, Comamonas_testosteroni.fasta, Cupriavidus_necator.fasta, Paenibacillus_polymyxa.fasta, Rhodococcus_ruber.fasta, Sphingobium_yanoikuyae.fasta, Variovorax_paradoxus.fasta)"
"417","c(Brevibacillus_brevis.fasta, Comamonas_testosteroni.fasta, Cupriavidus_necator.fasta, Pseudomonas_fluorescens.fasta, Rhodococcus.fasta, Rhodococcus_ruber.fasta, Sphingobium_yanoikuyae.fasta)"
"418","c(Brevibacillus_brevis.fasta, Comamonas_testosteroni.fasta, Cupriavidus_necator.fasta, Pseudomonas_fluorescens.fasta, Rhodococcus.fasta, Rhodococcus_ruber.fasta, Variovorax_paradoxus.fasta)"
"419","c(Brevibacillus_brevis.fasta, Comamonas_testosteroni.fasta, Cupriavidus_necator.fasta, Pseudomonas_fluorescens.fasta, Rhodococcus.fasta, Sphingobium_yanoikuyae.fasta, Variovorax_paradoxus.fasta)"
"420","c(Brevibacillus_brevis.fasta, Comamonas_testosteroni.fasta, Cupriavidus_necator.fasta, Pseudomonas_fluorescens.fasta, Rhodococcus_ruber.fasta, Sphingobium_yanoikuyae.fasta, Variovorax_paradoxus.fasta)"
"421","c(Brevibacillus_brevis.fasta, Comamonas_testosteroni.fasta, Cupriavidus_necator.fasta, Rhodococcus.fasta, Rhodococcus_ruber.fasta, Sphingobium_yanoikuyae.fasta, Variovorax_paradoxus.fasta)"
"422","c(Brevibacillus_brevis.fasta, Comamonas_testosteroni.fasta, Paenibacillus_polymyxa.fasta, Pseudomonas_fluorescens.fasta, Rhodococcus.fasta, Rhodococcus_ruber.fasta, Sphingobium_yanoikuyae.fasta)"
"423","c(Brevibacillus_brevis.fasta, Comamonas_testosteroni.fasta, Paenibacillus_polymyxa.fasta, Pseudomonas_fluorescens.fasta, Rhodococcus.fasta, Rhodococcus_ruber.fasta, Variovorax_paradoxus.fasta)"
"424","c(Brevibacillus_brevis.fasta, Comamonas_testosteroni.fasta, Paenibacillus_polymyxa.fasta, Pseudomonas_fluorescens.fasta, Rhodococcus.fasta, Sphingobium_yanoikuyae.fasta, Variovorax_paradoxus.fasta)"
"425","c(Brevibacillus_brevis.fasta, Comamonas_testosteroni.fasta, Paenibacillus_polymyxa.fasta, Pseudomonas_fluorescens.fasta, Rhodococcus_ruber.fasta, Sphingobium_yanoikuyae.fasta, Variovorax_paradoxus.fasta)"
"426","c(Brevibacillus_brevis.fasta, Comamonas_testosteroni.fasta, Paenibacillus_polymyxa.fasta, Rhodococcus.fasta, Rhodococcus_ruber.fasta, Sphingobium_yanoikuyae.fasta, Variovorax_paradoxus.fasta)"
"427","c(Brevibacillus_brevis.fasta, Comamonas_testosteroni.fasta, Pseudomonas_fluorescens.fasta, Rhodococcus.fasta, Rhodococcus_ruber.fasta, Sphingobium_yanoikuyae.fasta, Variovorax_paradoxus.fasta)"
"428","c(Comamonas_testosteroni.fasta, Cupriavidus_necator.fasta, Paenibacillus_polymyxa.fasta, Pseudomonas_fluorescens.fasta, Rhodococcus.fasta, Rhodococcus_ruber.fasta, Sphingobium_yanoikuyae.fasta)"
"429","c(Comamonas_testosteroni.fasta, Cupriavidus_necator.fasta, Paenibacillus_polymyxa.fasta, Pseudomonas_fluorescens.fasta, Rhodococcus.fasta, Rhodococcus_ruber.fasta, Variovorax_paradoxus.fasta)"
"430","c(Comamonas_testosteroni.fasta, Cupriavidus_necator.fasta, Paenibacillus_polymyxa.fasta, Pseudomonas_fluorescens.fasta, Rhodococcus.fasta, Sphingobium_yanoikuyae.fasta, Variovorax_paradoxus.fasta)"
"431","c(Comamonas_testosteroni.fasta, Cupriavidus_necator.fasta, Paenibacillus_polymyxa.fasta, Pseudomonas_fluorescens.fasta, Rhodococcus_ruber.fasta, Sphingobium_yanoikuyae.fasta, Variovorax_paradoxus.fasta)"
"432","c(Comamonas_testosteroni.fasta, Cupriavidus_necator.fasta, Paenibacillus_polymyxa.fasta, Rhodococcus.fasta, Rhodococcus_ruber.fasta, Sphingobium_yanoikuyae.fasta, Variovorax_paradoxus.fasta)"
"433","c(Comamonas_testosteroni.fasta, Cupriavidus_necator.fasta, Pseudomonas_fluorescens.fasta, Rhodococcus.fasta, Rhodococcus_ruber.fasta, Sphingobium_yanoikuyae.fasta, Variovorax_paradoxus.fasta)"
"434","c(Comamonas_testosteroni.fasta, Paenibacillus_polymyxa.fasta, Pseudomonas_fluorescens.fasta, Rhodococcus.fasta, Rhodococcus_ruber.fasta, Sphingobium_yanoikuyae.fasta, Variovorax_paradoxus.fasta)"
"435","c(Bacillus_subtilis.fasta, Brevibacillus_brevis.fasta, Comamonas_testosteroni.fasta, Cupriavidus_necator.fasta, Paenibacillus_polymyxa.fasta, Pseudomonas_fluorescens.fasta, Rhodococcus.fasta, Rhodococcus_ruber.fasta)"
"436","c(Bacillus_subtilis.fasta, Brevibacillus_brevis.fasta, Comamonas_testosteroni.fasta, Cupriavidus_necator.fasta, Paenibacillus_polymyxa.fasta, Pseudomonas_fluorescens.fasta, Rhodococcus.fasta, Sphingobium_yanoikuyae.fasta)"
"437","c(Bacillus_subtilis.fasta, Brevibacillus_brevis.fasta, Comamonas_testosteroni.fasta, Cupriavidus_necator.fasta, Paenibacillus_polymyxa.fasta, Pseudomonas_fluorescens.fasta, Rhodococcus.fasta, Variovorax_paradoxus.fasta)"
"438","c(Bacillus_subtilis.fasta, Brevibacillus_brevis.fasta, Comamonas_testosteroni.fasta, Cupriavidus_necator.fasta, Paenibacillus_polymyxa.fasta, Pseudomonas_fluorescens.fasta, Rhodococcus_ruber.fasta, Sphingobium_yanoikuyae.fasta)"
"439","c(Bacillus_subtilis.fasta, Brevibacillus_brevis.fasta, Comamonas_testosteroni.fasta, Cupriavidus_necator.fasta, Paenibacillus_polymyxa.fasta, Pseudomonas_fluorescens.fasta, Rhodococcus_ruber.fasta, Variovorax_paradoxus.fasta)"
"440","c(Bacillus_subtilis.fasta, Brevibacillus_brevis.fasta, Comamonas_testosteroni.fasta, Cupriavidus_necator.fasta, Paenibacillus_polymyxa.fasta, Pseudomonas_fluorescens.fasta, Sphingobium_yanoikuyae.fasta, Variovorax_paradoxus.fasta)"
"441","c(Bacillus_subtilis.fasta, Brevibacillus_brevis.fasta, Comamonas_testosteroni.fasta, Cupriavidus_necator.fasta, Paenibacillus_polymyxa.fasta, Rhodococcus.fasta, Rhodococcus_ruber.fasta, Sphingobium_yanoikuyae.fasta)"
"442","c(Bacillus_subtilis.fasta, Brevibacillus_brevis.fasta, Comamonas_testosteroni.fasta, Cupriavidus_necator.fasta, Paenibacillus_polymyxa.fasta, Rhodococcus.fasta, Rhodococcus_ruber.fasta, Variovorax_paradoxus.fasta)"
"443","c(Bacillus_subtilis.fasta, Brevibacillus_brevis.fasta, Comamonas_testosteroni.fasta, Cupriavidus_necator.fasta, Paenibacillus_polymyxa.fasta, Rhodococcus.fasta, Sphingobium_yanoikuyae.fasta, Variovorax_paradoxus.fasta)"
"444","c(Bacillus_subtilis.fasta, Brevibacillus_brevis.fasta, Comamonas_testosteroni.fasta, Cupriavidus_necator.fasta, Paenibacillus_polymyxa.fasta, Rhodococcus_ruber.fasta, Sphingobium_yanoikuyae.fasta, Variovorax_paradoxus.fasta)"
"445","c(Bacillus_subtilis.fasta, Brevibacillus_brevis.fasta, Comamonas_testosteroni.fasta, Cupriavidus_necator.fasta, Pseudomonas_fluorescens.fasta, Rhodococcus.fasta, Rhodococcus_ruber.fasta, Sphingobium_yanoikuyae.fasta)"
"446","c(Bacillus_subtilis.fasta, Brevibacillus_brevis.fasta, Comamonas_testosteroni.fasta, Cupriavidus_necator.fasta, Pseudomonas_fluorescens.fasta, Rhodococcus.fasta, Rhodococcus_ruber.fasta, Variovorax_paradoxus.fasta)"
"447","c(Bacillus_subtilis.fasta, Brevibacillus_brevis.fasta, Comamonas_testosteroni.fasta, Cupriavidus_necator.fasta, Pseudomonas_fluorescens.fasta, Rhodococcus.fasta, Sphingobium_yanoikuyae.fasta, Variovorax_paradoxus.fasta)"
"448","c(Bacillus_subtilis.fasta, Brevibacillus_brevis.fasta, Comamonas_testosteroni.fasta, Cupriavidus_necator.fasta, Pseudomonas_fluorescens.fasta, Rhodococcus_ruber.fasta, Sphingobium_yanoikuyae.fasta, Variovorax_paradoxus.fasta)"
"449","c(Bacillus_subtilis.fasta, Brevibacillus_brevis.fasta, Comamonas_testosteroni.fasta, Cupriavidus_necator.fasta, Rhodococcus.fasta, Rhodococcus_ruber.fasta, Sphingobium_yanoikuyae.fasta, Variovorax_paradoxus.fasta)"
"450","c(Bacillus_subtilis.fasta, Brevibacillus_brevis.fasta, Comamonas_testosteroni.fasta, Paenibacillus_polymyxa.fasta, Pseudomonas_fluorescens.fasta, Rhodococcus.fasta, Rhodococcus_ruber.fasta, Sphingobium_yanoikuyae.fasta)"
"451","c(Bacillus_subtilis.fasta, Brevibacillus_brevis.fasta, Comamonas_testosteroni.fasta, Paenibacillus_polymyxa.fasta, Pseudomonas_fluorescens.fasta, Rhodococcus.fasta, Rhodococcus_ruber.fasta, Variovorax_paradoxus.fasta)"
"452","c(Bacillus_subtilis.fasta, Brevibacillus_brevis.fasta, Comamonas_testosteroni.fasta, Paenibacillus_polymyxa.fasta, Pseudomonas_fluorescens.fasta, Rhodococcus.fasta, Sphingobium_yanoikuyae.fasta, Variovorax_paradoxus.fasta)"
"453","c(Bacillus_subtilis.fasta, Brevibacillus_brevis.fasta, Comamonas_testosteroni.fasta, Paenibacillus_polymyxa.fasta, Pseudomonas_fluorescens.fasta, Rhodococcus_ruber.fasta, Sphingobium_yanoikuyae.fasta, Variovorax_paradoxus.fasta)"
"454","c(Bacillus_subtilis.fasta, Brevibacillus_brevis.fasta, Comamonas_testosteroni.fasta, Paenibacillus_polymyxa.fasta, Rhodococcus.fasta, Rhodococcus_ruber.fasta, Sphingobium_yanoikuyae.fasta, Variovorax_paradoxus.fasta)"
"455","c(Bacillus_subtilis.fasta, Brevibacillus_brevis.fasta, Comamonas_testosteroni.fasta, Pseudomonas_fluorescens.fasta, Rhodococcus.fasta, Rhodococcus_ruber.fasta, Sphingobium_yanoikuyae.fasta, Variovorax_paradoxus.fasta)"
"456","c(Bacillus_subtilis.fasta, Comamonas_testosteroni.fasta, Cupriavidus_necator.fasta, Paenibacillus_polymyxa.fasta, Pseudomonas_fluorescens.fasta, Rhodococcus.fasta, Rhodococcus_ruber.fasta, Sphingobium_yanoikuyae.fasta)"
"457","c(Bacillus_subtilis.fasta, Comamonas_testosteroni.fasta, Cupriavidus_necator.fasta, Paenibacillus_polymyxa.fasta, Pseudomonas_fluorescens.fasta, Rhodococcus.fasta, Rhodococcus_ruber.fasta, Variovorax_paradoxus.fasta)"
"458","c(Bacillus_subtilis.fasta, Comamonas_testosteroni.fasta, Cupriavidus_necator.fasta, Paenibacillus_polymyxa.fasta, Pseudomonas_fluorescens.fasta, Rhodococcus.fasta, Sphingobium_yanoikuyae.fasta, Variovorax_paradoxus.fasta)"
"459","c(Bacillus_subtilis.fasta, Comamonas_testosteroni.fasta, Cupriavidus_necator.fasta, Paenibacillus_polymyxa.fasta, Pseudomonas_fluorescens.fasta, Rhodococcus_ruber.fasta, Sphingobium_yanoikuyae.fasta, Variovorax_paradoxus.fasta)"
"460","c(Bacillus_subtilis.fasta, Comamonas_testosteroni.fasta, Cupriavidus_necator.fasta, Paenibacillus_polymyxa.fasta, Rhodococcus.fasta, Rhodococcus_ruber.fasta, Sphingobium_yanoikuyae.fasta, Variovorax_paradoxus.fasta)"
"461","c(Bacillus_subtilis.fasta, Comamonas_testosteroni.fasta, Cupriavidus_necator.fasta, Pseudomonas_fluorescens.fasta, Rhodococcus.fasta, Rhodococcus_ruber.fasta, Sphingobium_yanoikuyae.fasta, Variovorax_paradoxus.fasta)"
"462","c(Bacillus_subtilis.fasta, Comamonas_testosteroni.fasta, Paenibacillus_polymyxa.fasta, Pseudomonas_fluorescens.fasta, Rhodococcus.fasta, Rhodococcus_ruber.fasta, Sphingobium_yanoikuyae.fasta, Variovorax_paradoxus.fasta)"
"463","c(Brevibacillus_brevis.fasta, Comamonas_testosteroni.fasta, Cupriavidus_necator.fasta, Paenibacillus_polymyxa.fasta, Pseudomonas_fluorescens.fasta, Rhodococcus.fasta, Rhodococcus_ruber.fasta, Sphingobium_yanoikuyae.fasta)"
"464","c(Brevibacillus_brevis.fasta, Comamonas_testosteroni.fasta, Cupriavidus_necator.fasta, Paenibacillus_polymyxa.fasta, Pseudomonas_fluorescens.fasta, Rhodococcus.fasta, Rhodococcus_ruber.fasta, Variovorax_paradoxus.fasta)"
"465","c(Brevibacillus_brevis.fasta, Comamonas_testosteroni.fasta, Cupriavidus_necator.fasta, Paenibacillus_polymyxa.fasta, Pseudomonas_fluorescens.fasta, Rhodococcus.fasta, Sphingobium_yanoikuyae.fasta, Variovorax_paradoxus.fasta)"
"466","c(Brevibacillus_brevis.fasta, Comamonas_testosteroni.fasta, Cupriavidus_necator.fasta, Paenibacillus_polymyxa.fasta, Pseudomonas_fluorescens.fasta, Rhodococcus_ruber.fasta, Sphingobium_yanoikuyae.fasta, Variovorax_paradoxus.fasta)"
"467","c(Brevibacillus_brevis.fasta, Comamonas_testosteroni.fasta, Cupriavidus_necator.fasta, Paenibacillus_polymyxa.fasta, Rhodococcus.fasta, Rhodococcus_ruber.fasta, Sphingobium_yanoikuyae.fasta, Variovorax_paradoxus.fasta)"
"468","c(Brevibacillus_brevis.fasta, Comamonas_testosteroni.fasta, Cupriavidus_necator.fasta, Pseudomonas_fluorescens.fasta, Rhodococcus.fasta, Rhodococcus_ruber.fasta, Sphingobium_yanoikuyae.fasta, Variovorax_paradoxus.fasta)"
"469","c(Brevibacillus_brevis.fasta, Comamonas_testosteroni.fasta, Paenibacillus_polymyxa.fasta, Pseudomonas_fluorescens.fasta, Rhodococcus.fasta, Rhodococcus_ruber.fasta, Sphingobium_yanoikuyae.fasta, Variovorax_paradoxus.fasta)"
"470","c(Comamonas_testosteroni.fasta, Cupriavidus_necator.fasta, Paenibacillus_polymyxa.fasta, Pseudomonas_fluorescens.fasta, Rhodococcus.fasta, Rhodococcus_ruber.fasta, Sphingobium_yanoikuyae.fasta, Variovorax_paradoxus.fasta)"
"471","c(Bacillus_subtilis.fasta, Brevibacillus_brevis.fasta, Comamonas_testosteroni.fasta, Cupriavidus_necator.fasta, Paenibacillus_polymyxa.fasta, Pseudomonas_fluorescens.fasta, Rhodococcus.fasta, Rhodococcus_ruber.fasta, Sphingobium_yanoikuyae.fasta)"
"472","c(Bacillus_subtilis.fasta, Brevibacillus_brevis.fasta, Comamonas_testosteroni.fasta, Cupriavidus_necator.fasta, Paenibacillus_polymyxa.fasta, Pseudomonas_fluorescens.fasta, Rhodococcus.fasta, Rhodococcus_ruber.fasta, Variovorax_paradoxus.fasta)"
"473","c(Bacillus_subtilis.fasta, Brevibacillus_brevis.fasta, Comamonas_testosteroni.fasta, Cupriavidus_necator.fasta, Paenibacillus_polymyxa.fasta, Pseudomonas_fluorescens.fasta, Rhodococcus.fasta, Sphingobium_yanoikuyae.fasta, Variovorax_paradoxus.fasta)"
"474","c(Bacillus_subtilis.fasta, Brevibacillus_brevis.fasta, Comamonas_testosteroni.fasta, Cupriavidus_necator.fasta, Paenibacillus_polymyxa.fasta, Pseudomonas_fluorescens.fasta, Rhodococcus_ruber.fasta, Sphingobium_yanoikuyae.fasta, Variovorax_paradoxus.fasta)"
"475","c(Bacillus_subtilis.fasta, Brevibacillus_brevis.fasta, Comamonas_testosteroni.fasta, Cupriavidus_necator.fasta, Paenibacillus_polymyxa.fasta, Rhodococcus.fasta, Rhodococcus_ruber.fasta, Sphingobium_yanoikuyae.fasta, Variovorax_paradoxus.fasta)"
"476","c(Bacillus_subtilis.fasta, Brevibacillus_brevis.fasta, Comamonas_testosteroni.fasta, Cupriavidus_necator.fasta, Pseudomonas_fluorescens.fasta, Rhodococcus.fasta, Rhodococcus_ruber.fasta, Sphingobium_yanoikuyae.fasta, Variovorax_paradoxus.fasta)"
"477","c(Bacillus_subtilis.fasta, Brevibacillus_brevis.fasta, Comamonas_testosteroni.fasta, Paenibacillus_polymyxa.fasta, Pseudomonas_fluorescens.fasta, Rhodococcus.fasta, Rhodococcus_ruber.fasta, Sphingobium_yanoikuyae.fasta, Variovorax_paradoxus.fasta)"
"478","c(Bacillus_subtilis.fasta, Comamonas_testosteroni.fasta, Cupriavidus_necator.fasta, Paenibacillus_polymyxa.fasta, Pseudomonas_fluorescens.fasta, Rhodococcus.fasta, Rhodococcus_ruber.fasta, Sphingobium_yanoikuyae.fasta, Variovorax_paradoxus.fasta)"
"479","c(Brevibacillus_brevis.fasta, Comamonas_testosteroni.fasta, Cupriavidus_necator.fasta, Paenibacillus_polymyxa.fasta, Pseudomonas_fluorescens.fasta, Rhodococcus.fasta, Rhodococcus_ruber.fasta, Sphingobium_yanoikuyae.fasta, Variovorax_paradoxus.fasta)"
"480","c(Bacillus_subtilis.fasta, Brevibacillus_brevis.fasta, Comamonas_testosteroni.fasta, Cupriavidus_necator.fasta, Paenibacillus_polymyxa.fasta, Pseudomonas_fluorescens.fasta, Rhodococcus.fasta, Rhodococcus_ruber.fasta, Sphingobium_yanoikuyae.fasta, Variovorax_paradoxus.fasta)"
